# Resource object code (Python 3)
# Created by: object code
# Created by: The Resource Compiler for Qt version 6.9.0
# WARNING! All changes made in this file will be lost!

from PySide6 import QtCore

qt_resource_data = b"\
\x00\x00\x00p\
\x89\
PNG\x0d\x0a\x1a\x0a\x00\x00\x00\x0dIHDR\x00\
\x00\x00\x08\x00\x00\x00\x08\x08\x06\x00\x00\x00\xc4\x0f\xbe\x8b\
\x00\x00\x00\x09pHYs\x00\x00\x0b\x12\x00\x00\x0b\x12\
\x01\xd2\xdd~\xfc\x00\x00\x00\x22IDAT\x18\xd3c\
` \x16\xfc\x87\x82\xe2\xe2\xe2\xff\xc8\xe2L\x844\x0e\
\x06\x05,0FII\x09V\x05\x00\xe4\xd6\x0b\xbb\x8b\
\xd2\x1eh\x00\x00\x00\x00IEND\xaeB`\x82\
\x00\x00\x00\x90\
\x89\
PNG\x0d\x0a\x1a\x0a\x00\x00\x00\x0dIHDR\x00\
\x00\x00\x08\x00\x00\x00\x08\x08\x06\x00\x00\x00\xc4\x0f\xbe\x8b\
\x00\x00\x00\x09pHYs\x00\x00\x0b\x12\x00\x00\x0b\x12\
\x01\xd2\xdd~\xfc\x00\x00\x00BIDAT\x18\xd3u\
\x8f\x01\x0a\x000\x04E\xd9\x959\x06g\xb6Y\xfd\xda\
l^\x89z?\xc1\xf4!\x16\xd9U\x95\xb8\x13\x80;\
\xe1\xee\xdbq\x95\x10`@\x98\x19\xb5\x88Hd\x81\x9c\
\xaf\x1b\xce\xe0\xb9\xed\xf9\xa2\x06\x93\x09N%2i\x08\
\x95\x96\xee\x00\x00\x00\x00IEND\xaeB`\x82\
\x00\x00\x00\x9f\
\x89\
PNG\x0d\x0a\x1a\x0a\x00\x00\x00\x0dIHDR\x00\
\x00\x00\x08\x00\x00\x00\x08\x08\x06\x00\x00\x00\xc4\x0f\xbe\x8b\
\x00\x00\x00\x09pHYs\x00\x00\x0b\x12\x00\x00\x0b\x12\
\x01\xd2\xdd~\xfc\x00\x00\x00QIDAT\x18\xd3u\
N\xdb\x0d\x001\x08\xb2\x8f\x8du\x80\x0e\xa0\xdb\xfa\xdf\
;\x93\xd2x\xcd\x95\x1f\xc4\x00\xa1\xd1\x05\xf3\x85\xbb\x8f\
\x0a\x11`\xe6\x09\x0dc\x0d!\x22\x9fd\xf0\xfe\xe5t\
\xbe\xd1\xd6\xe1TUB\x12w\xe4\x7f[2\xd3Y{\
\x0e\xeey\xa0\x99\x95]\xbb\xf0\x00\xca\xd4pN=\xf5\
\xf2\x8a\x00\x00\x00\x00IEND\xaeB`\x82\
\x00\x00\x00\x8e\
\x89\
PNG\x0d\x0a\x1a\x0a\x00\x00\x00\x0dIHDR\x00\
\x00\x00\x08\x00\x00\x00\x08\x08\x06\x00\x00\x00\xc4\x0f\xbe\x8b\
\x00\x00\x00\x09pHYs\x00\x00\x0b\x12\x00\x00\x0b\x12\
\x01\xd2\xdd~\xfc\x00\x00\x00@IDAT\x18\xd3c\
\xf8\x0f\x05\xc5\xc5\xc5\xff\x19\xa0\x00Y\x8c\x89\x81\x00@\
Q\x80n\x12\x86\x02l\x80\x11\xa4\x0b\x97dII\x09\
\xaa\x09 \x01\x0c7\xc0\x04q\xd1,\xbd\xbd\xbd\x8c \
\xf7\x818P6\x032\x1f\x00\x1bo.\x1eg\xf7>\
m\x00\x00\x00\x00IEND\xaeB`\x82\
\x00\x00\x00\x80\
\x89\
PNG\x0d\x0a\x1a\x0a\x00\x00\x00\x0dIHDR\x00\
\x00\x00\x08\x00\x00\x00\x08\x08\x06\x00\x00\x00\xc4\x0f\xbe\x8b\
\x00\x00\x00\x09pHYs\x00\x00\x0b\x12\x00\x00\x0b\x12\
\x01\xd2\xdd~\xfc\x00\x00\x002IDAT\x18\xd3c\
`@\x02\xff\x81\xa0\xb8\xb8\xf8?\xb2\x18\x13\x03\x01@\
P\x01#\xc8X\x5c\x92%%%\x0c\x8c\xc8v\xf6\xf4\
\xf4\x80\x05q\x02\xca\x1d\x89\xcdx\x00\x18g\x18\xbfE\
8\xd02\x00\x00\x00\x00IEND\xaeB`\x82\
\x00\x00\x00n\
\x89\
PNG\x0d\x0a\x1a\x0a\x00\x00\x00\x0dIHDR\x00\
\x00\x00\x08\x00\x00\x00\x08\x08\x06\x00\x00\x00\xc4\x0f\xbe\x8b\
\x00\x00\x00\x09pHYs\x00\x00\x0b\x12\x00\x00\x0b\x12\
\x01\xd2\xdd~\xfc\x00\x00\x00 IDAT\x18\xd3c\
`@\x02\xff\x81\xa0\xb8\xb8\xf8?\xb2\x18\x13\x03\x010\
\xf4\x14\x94\x94\x94`(\x00\x00C\x1a\x07\xbf3\x05O\
\xb6\x00\x00\x00\x00IEND\xaeB`\x82\
\x00\x00\x00\x96\
\x89\
PNG\x0d\x0a\x1a\x0a\x00\x00\x00\x0dIHDR\x00\
\x00\x00\x08\x00\x00\x00\x08\x08\x06\x00\x00\x00\xc4\x0f\xbe\x8b\
\x00\x00\x00\x09pHYs\x00\x00\x0b\x12\x00\x00\x0b\x12\
\x01\xd2\xdd~\xfc\x00\x00\x00HIDAT\x18\xd3u\
\x8f[\x12\x00\x10\x08E\xb1\xe5ZF\xad92.\xc9\
8?\xa6\xd3S)\x09\x1b\x10\x91}\xa5-\x10W\xc8\
\xd8\xc0\xcc\xf3U\xd5\xda\x90t\x89\x84\x88\x9cj\x1f\x95\
q\xb7\xef\xc82\x1f\xd90\x16;c|\xady\xbe\xb6\
\xe8{\xd8YZ\xc8\xe6\xf4a\x00\x00\x00\x00IEN\
D\xaeB`\x82\
\x00\x00\x00\xac\
\x89\
PNG\x0d\x0a\x1a\x0a\x00\x00\x00\x0dIHDR\x00\
\x00\x00\x08\x00\x00\x00\x08\x08\x06\x00\x00\x00\xc4\x0f\xbe\x8b\
\x00\x00\x00\x09pHYs\x00\x00\x0b\x12\x00\x00\x0b\x12\
\x01\xd2\xdd~\xfc\x00\x00\x00^IDAT\x18\xd3m\
\x8e\xcb\x09\xc00\x0cCe\xda\xd9\xbcP2@\x07\xb0\
\x17\xca\x5c\xb9\xa7U\xa8A\x94>H\xb0\xe5\x9f\x80\x87\
\xf5Ckm\xb1fL\x18\xf4\xdeQD\x04J;\xb5\
\x90\x99\xf66\xac\xd2\x0cBm\xd3\x8d\x876\xcc9\xaf\
1\x06\xdc}?\xc6\xf8\x9aR\xd3\xd4\x8c_\x99R\xea\
\xc4\xf6\xa0\xd3\x0aM\xdf\x15\x19P\xfb\x03\x11@\xc3\x00\
\x00\x00\x00IEND\xaeB`\x82\
\x00\x00\x00\x92\
\x89\
PNG\x0d\x0a\x1a\x0a\x00\x00\x00\x0dIHDR\x00\
\x00\x00\x08\x00\x00\x00\x08\x08\x06\x00\x00\x00\xc4\x0f\xbe\x8b\
\x00\x00\x00\x09pHYs\x00\x00\x0b\x12\x00\x00\x0b\x12\
\x01\xd2\xdd~\xfc\x00\x00\x00DIDAT\x18\xd3u\
\x8eA\x0e\x000\x04\x04\xf1e\x9e\xc1\x9b\xdb\x90jd\
\xd3\xeeMf\x07D\x90u\xa2\xaa+gA\x88\x82L\
hf\xf4,\xfc`\x15&\x8c\x08\xc6\x02\xbf\xeevR\
\xe4\xfe\xb6\xe3\xee\x17\xd6\x06\xb4\xa6\x90'7\xe7|.\
\xb8_g\xd5:\x00\x00\x00\x00IEND\xaeB`\
\x82\
\x00\x00\x00n\
\x89\
PNG\x0d\x0a\x1a\x0a\x00\x00\x00\x0dIHDR\x00\
\x00\x00\x08\x00\x00\x00\x08\x08\x06\x00\x00\x00\xc4\x0f\xbe\x8b\
\x00\x00\x00\x09pHYs\x00\x00\x0b\x12\x00\x00\x0b\x12\
\x01\xd2\xdd~\xfc\x00\x00\x00 IDAT\x18\xd3c\
` \x05\xfc\x07\x82\xe2\xe2\xe2\xff\xc8bL\xc8\x9c\x92\
\x92\x12\x06\x1a\x03\xda\xb8\x01\x00\xa0\xc0\x0fe\x5c\x158\
\x92\x00\x00\x00\x00IEND\xaeB`\x82\
\x00\x00\x00\x86\
\x89\
PNG\x0d\x0a\x1a\x0a\x00\x00\x00\x0dIHDR\x00\
\x00\x00\x08\x00\x00\x00\x08\x08\x06\x00\x00\x00\xc4\x0f\xbe\x8b\
\x00\x00\x00\x09pHYs\x00\x00\x0b\x12\x00\x00\x0b\x12\
\x01\xd2\xdd~\xfc\x00\x00\x008IDAT\x18\xd3c\
`\xa0\x18\xfc\x87\x82\xe2\xe2\xe2\xff\xc8l\x98<\x13\x8c\
\xd1\xd3\xd3\x03\xa6KJJP\x0c`\x811\x90%z\
{{\x191\x14\xa0K`X\x81\x0b\xb0\xa0\xdb\x89\x0e\
\x00\xde\x80\x1d\xb9\x89\xc2\xaf\xf1\x00\x00\x00\x00IEN\
D\xaeB`\x82\
\x00\x00\x00\x8a\
\x89\
PNG\x0d\x0a\x1a\x0a\x00\x00\x00\x0dIHDR\x00\
\x00\x00\x08\x00\x00\x00\x08\x08\x06\x00\x00\x00\xc4\x0f\xbe\x8b\
\x00\x00\x00\x09pHYs\x00\x00\x0b\x12\x00\x00\x0b\x12\
\x01\xd2\xdd~\xfc\x00\x00\x00<IDAT\x18\xd3m\
N9\x0e\x000\x08\xa2\xfd\xb2\xfe\xdf\xeab\x90\xcab\
8$\x00\x84H\x98Y\xb0v7\xe3\x0b\x16a\x14\xd7\
\xa6\x0e\xa9q\xb8\xb6\xc5\x04\xb6qz{\xa4\xbb\x8f\x07\
\xe5c\x87nx?\xd0M\x0e\xbf\x05\x94i\x00\x00\x00\
\x00IEND\xaeB`\x82\
\x00\x00\x00\x80\
\x89\
PNG\x0d\x0a\x1a\x0a\x00\x00\x00\x0dIHDR\x00\
\x00\x00\x08\x00\x00\x00\x08\x08\x06\x00\x00\x00\xc4\x0f\xbe\x8b\
\x00\x00\x00\x09pHYs\x00\x00\x0b\x12\x00\x00\x0b\x12\
\x01\xd2\xdd~\xfc\x00\x00\x002IDAT\x18\xd3c\
`@\x02\xff\xa1\xa0\xb8\xb8\xf8?L\x8c\x09Y\x92\x01\
\x0b\x80+())a\xc0\xab\xa0\xb7\xb7\x97\x11\xaf\x02\
\x5c\x80r\x05,\xc8\x1cl\x0e\x05\x00{\x81\x12\xbd\xa2\
\x06\x9b%\x00\x00\x00\x00IEND\xaeB`\x82\
\x00\x00\x00\x9b\
\x89\
PNG\x0d\x0a\x1a\x0a\x00\x00\x00\x0dIHDR\x00\
\x00\x00\x08\x00\x00\x00\x08\x08\x06\x00\x00\x00\xc4\x0f\xbe\x8b\
\x00\x00\x00\x09pHYs\x00\x00\x0b\x12\x00\x00\x0b\x12\
\x01\xd2\xdd~\xfc\x00\x00\x00MIDAT\x18\xd3u\
\x8f\x0b\x0a\x00!\x08\x055\xf6\xc6z\x0c=se\xf4\
Bc\x1b\x10\xc1\xcf\x88\xdc'\xf4\x03OV\xc6\x80\xaa\
\x9e\xa6\x99\x11j-o\xb9;G\x14\xd3\xeb\x04\x8c-\
\x17\xf2\x19\x18\xa9oDd\x99\x22\x83b([\x9b\x18\
\xfen\xed\xfd\xd1\x00w\xf04\xc6\x92\xd4\x8d\xcc\x00\x00\
\x00\x00IEND\xaeB`\x82\
\x00\x00\x00~\
\x89\
PNG\x0d\x0a\x1a\x0a\x00\x00\x00\x0dIHDR\x00\
\x00\x00\x08\x00\x00\x00\x08\x08\x06\x00\x00\x00\xc4\x0f\xbe\x8b\
\x00\x00\x00\x09pHYs\x00\x00\x0b\x12\x00\x00\x0b\x12\
\x01\xd2\xdd~\xfc\x00\x00\x000IDAT\x18\xd3c\
\xfc\x0f\x04\x0c8@II\x09\x03cqq1XA\
OO\x0f\x5c\x10+\xf8\x0f\x050\x0d0\xc0\xc4@\x00\
\xd0A\x01\x0b\xb2\x97\xb0\x01\x00\x84L\x16k\xe1\xc3{\
_\x00\x00\x00\x00IEND\xaeB`\x82\
\x00\x00\x00\x80\
\x89\
PNG\x0d\x0a\x1a\x0a\x00\x00\x00\x0dIHDR\x00\
\x00\x00\x08\x00\x00\x00\x08\x08\x06\x00\x00\x00\xc4\x0f\xbe\x8b\
\x00\x00\x00\x09pHYs\x00\x00\x0b\x12\x00\x00\x0b\x12\
\x01\xd2\xdd~\xfc\x00\x00\x002IDAT\x18\xd3c\
`\x80\x82\xffPP\x5c\x5c\xfc\x9f\x01\x090\xc1\x18%\
%%\x0c\xd8\x00\x5cAoo/#^\x05\xb8\x00\x15\
\x15\x80|\x80M\x01\x0b!_\x00\x00|+\x12\xbd0\
\xfb\x9b\x16\x00\x00\x00\x00IEND\xaeB`\x82\
\x00\x00\x00\x84\
\x89\
PNG\x0d\x0a\x1a\x0a\x00\x00\x00\x0dIHDR\x00\
\x00\x00\x08\x00\x00\x00\x08\x08\x06\x00\x00\x00\xc4\x0f\xbe\x8b\
\x00\x00\x00\x09pHYs\x00\x00\x0b\x12\x00\x00\x0b\x12\
\x01\xd2\xdd~\xfc\x00\x00\x006IDAT\x18\xd3c\
`\xa0\x0a\xf8\x8f\x04\x8a\x8b\x8b\xffc\x95\x04I`S\
\xc4D\xc8t\xc2\x0aJJJ\xc0\x8c\x9e\x9e\x1e0\x0d\
\xe3\xc3\x00#\x88@wXoo/#\x8c\x0d\x00\x02\
g+P\x10C@\x84\x00\x00\x00\x00IEND\xae\
B`\x82\
\x00\x00\x00\x91\
\x89\
PNG\x0d\x0a\x1a\x0a\x00\x00\x00\x0dIHDR\x00\
\x00\x00\x08\x00\x00\x00\x08\x08\x06\x00\x00\x00\xc4\x0f\xbe\x8b\
\x00\x00\x00\x09pHYs\x00\x00\x0b\x12\x00\x00\x0b\x12\
\x01\xd2\xdd~\xfc\x00\x00\x00CIDAT\x18\xd3\xa5\
\x8d\xcb\x0d\x00 \x08C\xabqc\x18\x03f\xc6h\xa8\
!\xc6\x9b\xefF?\x14\xf8&\x12\x11\x89\xd7\xddUu\
\x07\xcd\x0c\x14\xa9-\x86\xbb\xb7Ud\x88\xa4\x8eV\xa7\
j\xfb\x04h\xbc\xcc\x1d\xe0\xee\xfd\x9aL\xd0\xa13Q\
@\x85\xfb\xf8\x00\x00\x00\x00IEND\xaeB`\x82\
\
\x00\x00\x00\x87\
\x89\
PNG\x0d\x0a\x1a\x0a\x00\x00\x00\x0dIHDR\x00\
\x00\x00\x08\x00\x00\x00\x08\x08\x06\x00\x00\x00\xc4\x0f\xbe\x8b\
\x00\x00\x00\x09pHYs\x00\x00\x0b\x12\x00\x00\x0b\x12\
\x01\xd2\xdd~\xfc\x00\x00\x009IDAT\x18\xd3c\
`\xa0\x18\xfcG\x03\xc5\xc5\xc5\xff\xb1*\x00I`S\
\xc4D\xc8\x06\xb8\x82\x9e\x9e\x1e0]RR\x82\xa2\x80\
\x05\xc6@\x96\xe8\xed\xede\x84\xb1\x19\x91\xedC\x96\x80\
\x01\x00\xc5\xa80\xf6\x04\xc8\xa7\x94\x00\x00\x00\x00IE\
ND\xaeB`\x82\
\x00\x00\x00\x92\
\x89\
PNG\x0d\x0a\x1a\x0a\x00\x00\x00\x0dIHDR\x00\
\x00\x00\x08\x00\x00\x00\x08\x08\x06\x00\x00\x00\xc4\x0f\xbe\x8b\
\x00\x00\x00\x09pHYs\x00\x00\x0b\x12\x00\x00\x0b\x12\
\x01\xd2\xdd~\xfc\x00\x00\x00DIDAT\x18\xd3\x85\
\xcd\x8b\x09\x00 \x08\x04\xd0+\xdcX\xc7\xd0\x99\xedC\
\x81\x88\xd1\x03A\x0e9\xe1\x0f\xcc\xec\x98\x08\x87\x88\xdc\
\x15\xaa\xbag\xf2\x8e\xc0\xcc\xda\x9a\x98\xb5U\x87\xc2m\
,_\xc4F\xcaA>\xea\xf8\xa0\xaa:\x1a\xf4\xb5.\
\xa9f\x91\xb9\xff\x00\x00\x00\x00IEND\xaeB`\
\x82\
\x00\x00\x00t\
\x89\
PNG\x0d\x0a\x1a\x0a\x00\x00\x00\x0dIHDR\x00\
\x00\x00\x08\x00\x00\x00\x08\x08\x06\x00\x00\x00\xc4\x0f\xbe\x8b\
\x00\x00\x00\x09pHYs\x00\x00\x0b\x12\x00\x00\x0b\x12\
\x01\xd2\xdd~\xfc\x00\x00\x00&IDAT\x18\xd3c\
`\x80\x82\xff@P\x5c\x5c\xfc\x1fF3 \x03tI\
d\x05\x8c \x02]Goo/#\xc3P\x02\x00\xe2\
e\x1f\xaan\x13EA\x00\x00\x00\x00IEND\xae\
B`\x82\
\x00\x00\x00\x95\
\x89\
PNG\x0d\x0a\x1a\x0a\x00\x00\x00\x0dIHDR\x00\
\x00\x00\x08\x00\x00\x00\x08\x08\x06\x00\x00\x00\xc4\x0f\xbe\x8b\
\x00\x00\x00\x09pHYs\x00\x00\x0b\x12\x00\x00\x0b\x12\
\x01\xd2\xdd~\xfc\x00\x00\x00GIDAT\x18\xd3u\
\x8d\xdb\x0d\x00 \x08\x03\xc5\xb81\x8c\x013#\x18\x1f\
\x98@\xff\x08\xd7+\xa8\xa5\x15!\xa26\xe2\x91\x05*\
\x03X> \x1a\x98\xf9M\xc4\x87\x88\xc0\x06\xae\xb5;\
}\x1a\xe9\x14\x22j\x06\x1c\xf3R:\x94\xb5}r\x02\
\xcc\xc1%cw\x8c\x9b\x83\x00\x00\x00\x00IEND\
\xaeB`\x82\
\x00\x00\x00\x91\
\x89\
PNG\x0d\x0a\x1a\x0a\x00\x00\x00\x0dIHDR\x00\
\x00\x00\x08\x00\x00\x00\x08\x08\x06\x00\x00\x00\xc4\x0f\xbe\x8b\
\x00\x00\x00\x09pHYs\x00\x00\x0b\x12\x00\x00\x0b\x12\
\x01\xd2\xdd~\xfc\x00\x00\x00CIDAT\x18\xd3}\
\x8e\xd1\x0a\x000\x04Ew\xcb\x1f\xf3\x19|\xb3m5\
\xd2\x8a\xf3D\x97\x03\xfc\xb0\x1aDdQm\x02U\xcd\
\x9aj`fx\x03i\xc5\xaf\x8d\x93\xb1\x88)\xbcF\
La\x1a\xba0\x07\x98\xd9\xffG\x83\x0d\x1a9,f\
m6o\xf9\x00\x00\x00\x00IEND\xaeB`\x82\
\
\x00\x00\x00\x86\
\x89\
PNG\x0d\x0a\x1a\x0a\x00\x00\x00\x0dIHDR\x00\
\x00\x00\x08\x00\x00\x00\x08\x08\x06\x00\x00\x00\xc4\x0f\xbe\x8b\
\x00\x00\x00\x09pHYs\x00\x00\x0b\x12\x00\x00\x0b\x12\
\x01\xd2\xdd~\xfc\x00\x00\x008IDAT\x18\xd3c\
`\xa0\x18\xfc\x87\x82\xe2\xe2\xe2\xff\xe8l\x10\xcdD\xc8\
\x00\x82\x0a\x18AF\xe1\x92,))a`\x02\x11\xc8\
\x02\xe8l\x96\xde\xde^F\x90[A\x1cd6\x8c\x0f\
\x00f\x85+b\xd5\xe4O\x9a\x00\x00\x00\x00IEN\
D\xaeB`\x82\
\x00\x00\x00\x92\
\x89\
PNG\x0d\x0a\x1a\x0a\x00\x00\x00\x0dIHDR\x00\
\x00\x00\x08\x00\x00\x00\x08\x08\x06\x00\x00\x00\xc4\x0f\xbe\x8b\
\x00\x00\x00\x09pHYs\x00\x00\x0b\x12\x00\x00\x0b\x12\
\x01\xd2\xdd~\xfc\x00\x00\x00DIDAT\x18\xd3}\
\x8fA\x0a\x00 \x08\x04\xd7\xbe\xac\xcf\xd07WB\x86\
\x945'qe\x07\x81I?`\xe6\x8eE\xf3\x85\x0f\
\x22\x82\x8a\x16\x81\xaa\xe2yx\xd6g\xcd\xa5\x88\xa6\xad\
\x88\xd0\xcc\xc8\xf9\xd6gE\xcc\x94_\xaa\x18<\x89Y\
\x9a\x17Y\x85!\x00\x00\x00\x00IEND\xaeB`\
\x82\
\x00\x00\x00\x9c\
\x89\
PNG\x0d\x0a\x1a\x0a\x00\x00\x00\x0dIHDR\x00\
\x00\x00\x08\x00\x00\x00\x08\x08\x06\x00\x00\x00\xc4\x0f\xbe\x8b\
\x00\x00\x00\x09pHYs\x00\x00\x0b\x12\x00\x00\x0b\x12\
\x01\xd2\xdd~\xfc\x00\x00\x00NIDAT\x18\xd3u\
\x8e\xdb\x0d\xc00\x08\x03\xa1\xea\xc60\x06\xccL\xeb(\
\x8e\x10j\xef\x8b\x97|\x88\xbc\xd4\x07fV\xd8)\x1a\
\x14\xee.$\x22\x84\xb3[\x1a\x99\xa9\xbb\xac3\xac\x1f\
\xa88\x09S\xb15uME\xd3,\x14Q|\xaa\xc3\
\xc4uM\xdf\x04i\x0f\x11\xebM\xdcd\xba\x94F\x00\
\x00\x00\x00IEND\xaeB`\x82\
\x00\x00\x00\x98\
\x89\
PNG\x0d\x0a\x1a\x0a\x00\x00\x00\x0dIHDR\x00\
\x00\x00\x08\x00\x00\x00\x08\x08\x06\x00\x00\x00\xc4\x0f\xbe\x8b\
\x00\x00\x00\x09pHYs\x00\x00\x0b\x12\x00\x00\x0b\x12\
\x01\xd2\xdd~\xfc\x00\x00\x00JIDAT\x18\xd3}\
\x8fQ\x0a\xc00\x08C\xb3\xd2\x1b\xeb1\xf4\xccn)\
\x15\xa4\xb8\xbe\xaf\x84\x84\xa0\xc0G4\x88H0\x9b4\
\xaa\x0a3\xa3\x075\xd9>\x066\x0cj1\x99)\xce\
 \x19\xd5\xe4|[\xe8\xe6\x17\xbc\xf6\xfa\x85\xbb?\xbc\
\x16?\xbc\x08\xf6F\xf1?H\xe7m\x00\x00\x00\x00I\
END\xaeB`\x82\
\x00\x00\x00\x8a\
\x89\
PNG\x0d\x0a\x1a\x0a\x00\x00\x00\x0dIHDR\x00\
\x00\x00\x08\x00\x00\x00\x08\x08\x06\x00\x00\x00\xc4\x0f\xbe\x8b\
\x00\x00\x00\x09pHYs\x00\x00\x0b\x12\x00\x00\x0b\x12\
\x01\xd2\xdd~\xfc\x00\x00\x00<IDAT\x18\xd3c\
`\xa0\x0a\xf8\x8f\x06\x8a\x8b\x8b\xff\xc3\xe4\x98@\x02 \
FII\x09V\xcdL0FOO\x0fV\x05,\xc8\
:\xb1)bA\x17D\xb7\x8a\x11\xd9A0\xd0\xdb\xdb\
\xcb\x08c\x03\x00b\xd8#R\xa5\xe0\xcc\xf9\x00\x00\x00\
\x00IEND\xaeB`\x82\
\x00\x00\x00w\
\x89\
PNG\x0d\x0a\x1a\x0a\x00\x00\x00\x0dIHDR\x00\
\x00\x00\x08\x00\x00\x00\x08\x08\x06\x00\x00\x00\xc4\x0f\xbe\x8b\
\x00\x00\x00\x09pHYs\x00\x00\x0b\x12\x00\x00\x0b\x12\
\x01\xd2\xdd~\xfc\x00\x00\x00)IDAT\x18\xd3c\
`\xa0\x18\xfcG\x03\xc5\xc5\xc5\xff\xb1*\x00I`S\
\xc4D\xc8\x06\xca\x150b8\x0a\x0az{{\x19A\
4\x00\x1c\x17*\xf0\xa6>\xff\xb1\x00\x00\x00\x00IE\
ND\xaeB`\x82\
\x00\x00\x00j\
\x89\
PNG\x0d\x0a\x1a\x0a\x00\x00\x00\x0dIHDR\x00\
\x00\x00\x08\x00\x00\x00\x08\x08\x06\x00\x00\x00\xc4\x0f\xbe\x8b\
\x00\x00\x00\x09pHYs\x00\x00\x0b\x12\x00\x00\x0b\x12\
\x01\xd2\xdd~\xfc\x00\x00\x00\x1cIDAT\x18\xd3c\
\xf8\x0f\x04\xc5\xc5\xc5\xff\x19p\x01\x90\xe4\x90W\xc4\x88\
O\x11\x88\x06\x00Hf<\xb6\xf0\x8f\xb69\x00\x00\x00\
\x00IEND\xaeB`\x82\
\x00\x00\x00s\
\x89\
PNG\x0d\x0a\x1a\x0a\x00\x00\x00\x0dIHDR\x00\
\x00\x00\x08\x00\x00\x00\x08\x08\x06\x00\x00\x00\xc4\x0f\xbe\x8b\
\x00\x00\x00\x09pHYs\x00\x00\x0b\x12\x00\x00\x0b\x12\
\x01\xd2\xdd~\xfc\x00\x00\x00%IDAT\x18\xd3c\
` \x16\xfc\x87\x82\xe2\xe2\xe2\xff\xc8\xe2,0FI\
I\x09y&0\x11\xb2\x9ar\x05\x04\x1d\x09\x00\xfa\xd7\
\x17gZ\xb1\x98\xde\x00\x00\x00\x00IEND\xaeB\
`\x82\
\x00\x00\x00\x8f\
\x89\
PNG\x0d\x0a\x1a\x0a\x00\x00\x00\x0dIHDR\x00\
\x00\x00\x08\x00\x00\x00\x08\x08\x06\x00\x00\x00\xc4\x0f\xbe\x8b\
\x00\x00\x00\x09pHYs\x00\x00\x0b\x12\x00\x00\x0b\x12\
\x01\xd2\xdd~\xfc\x00\x00\x00AIDAT\x18\xd3c\
`\xa0\x18\xfc\x87\x82\xe2\xe2\xe2\xff\xc8l\x98<SI\
I\x09\x8a\x06t>\x18\xc0t\x83hd\xdd(\xd6 \
+B\x96c\x02\x09\x22\x0b\xf4\xf4\xf40 +b\xc4\
j$\x10\xf4\xf6\xf62\x82h\x00\x1bs;\x02X}\
t\x06\x00\x00\x00\x00IEND\xaeB`\x82\
\x00\x00\x00\x85\
\x89\
PNG\x0d\x0a\x1a\x0a\x00\x00\x00\x0dIHDR\x00\
\x00\x00\x08\x00\x00\x00\x08\x08\x06\x00\x00\x00\xc4\x0f\xbe\x8b\
\x00\x00\x00\x09pHYs\x00\x00\x0b\x12\x00\x00\x0b\x12\
\x01\xd2\xdd~\xfc\x00\x00\x007IDAT\x18\xd3c\
` \x16\xfc\x87\x82\xe2\xe2\xe2\xff\xc8\xe2L0I\x10\
]RR\x82\xa1\x91\x09&\x09\x02===\x98\x0a\x90\
ua3\x01\xaf\xfdp7\xe0\x03,x\x8d\x06\x02\x00\
F\x1d#\xb9\xb6\xe1|\x9d\x00\x00\x00\x00IEND\
\xaeB`\x82\
\x00\x00\x00z\
\x89\
PNG\x0d\x0a\x1a\x0a\x00\x00\x00\x0dIHDR\x00\
\x00\x00\x08\x00\x00\x00\x08\x08\x06\x00\x00\x00\xc4\x0f\xbe\x8b\
\x00\x00\x00\x09pHYs\x00\x00\x0b\x12\x00\x00\x0b\x12\
\x01\xd2\xdd~\xfc\x00\x00\x00,IDAT\x18\xd3c\
` \x04\xfeCAqq\xf1\x7fl\xf2LD\x9b\x80\
\xd3$d\x09l\x8a\x08ZAP\x01#.\xd7\xf7\xf6\
\xf62\x82h\x00)\xd55@\x1e&#-\x00\x00\x00\
\x00IEND\xaeB`\x82\
\x00\x00\x00k\
\x89\
PNG\x0d\x0a\x1a\x0a\x00\x00\x00\x0dIHDR\x00\
\x00\x00\x08\x00\x00\x00\x08\x08\x06\x00\x00\x00\xc4\x0f\xbe\x8b\
\x00\x00\x00\x09pHYs\x00\x00\x0b\x12\x00\x00\x0b\x12\
\x01\xd2\xdd~\xfc\x00\x00\x00\x1dIDAT\x18\xd3c\
`\x18\x02\x80\xf1?\x10\xe0\x92,))a`,.\
.\xfeO\x91\x15\x00t\x17\x07\xb3@\xec9\xc5\x00\x00\
\x00\x00IEND\xaeB`\x82\
\x00\x00\x00\x95\
\x89\
PNG\x0d\x0a\x1a\x0a\x00\x00\x00\x0dIHDR\x00\
\x00\x00\x08\x00\x00\x00\x08\x08\x06\x00\x00\x00\xc4\x0f\xbe\x8b\
\x00\x00\x00\x09pHYs\x00\x00\x0b\x12\x00\x00\x0b\x12\
\x01\xd2\xdd~\xfc\x00\x00\x00GIDAT\x18\xd3m\
NA\x0e\x00 \x08\xd2\xd6\x8f\xf5\x19\xfaf\x9b\xae\x9a\
\xa3\xb8(\x82\x03\xa2\x8d\x00\x88H\xe4\x9d\x8f\x98SU\
\xcblft\xf8@\xd1\xdd\x99\x1aF'(>\x86\x9e\
\xfd5`~!?\xb0}\xdf\xe7\xce\x0d\xe8q\xf9\x02\
D\x9fL\xec\x02Fg\xac\x00\x00\x00\x00IEND\
\xaeB`\x82\
\x00\x00\x00\x9b\
\x89\
PNG\x0d\x0a\x1a\x0a\x00\x00\x00\x0dIHDR\x00\
\x00\x00\x08\x00\x00\x00\x08\x08\x06\x00\x00\x00\xc4\x0f\xbe\x8b\
\x00\x00\x00\x09pHYs\x00\x00\x0b\x12\x00\x00\x0b\x12\
\x01\xd2\xdd~\xfc\x00\x00\x00MIDAT\x18\xd3m\
\x8e\xdb\x0d\xc00\x08\x03\xa1\xea\xc60\x06\xcc\x9c\xd4Q\
\x90\x1c\x1a\xffq\xbcN\xc6\x8e\x99\x0d\xd9a\xf6\xb8\xfb\
\x82\x11!\x00\x08\xea\xe2+\xd5\xe0M\xbex\x0c]\x9b\
\xfc\xb7\xfb\xfc\xa4\xfa\xd0\xdb\xa5\xf4\x0b\x18\xa4\xb1\xab|\
.3\xb5|\x8aM\xeder\x97 \x04\xe9\x0a\x00\x00\
\x00\x00IEND\xaeB`\x82\
\x00\x00\x00\x81\
\x89\
PNG\x0d\x0a\x1a\x0a\x00\x00\x00\x0dIHDR\x00\
\x00\x00\x08\x00\x00\x00\x08\x08\x06\x00\x00\x00\xc4\x0f\xbe\x8b\
\x00\x00\x00\x09pHYs\x00\x00\x0b\x12\x00\x00\x0b\x12\
\x01\xd2\xdd~\xfc\x00\x00\x003IDAT\x18\xd3c\
` \x05\xfc\x87\x82\xe2\xe2\xe2\xff01&B\x9aX\
`:q)`\x82I\x96\x94\x94`W@\xc8\x0a\xb8\
\x82\x9e\x9e\x1e\xecn\xc0e4\x0c\x00\x00ER\x16\xb5\
\xf9\xb7N\x7f\x00\x00\x00\x00IEND\xaeB`\x82\
\
\x00\x00\x00q\
\x89\
PNG\x0d\x0a\x1a\x0a\x00\x00\x00\x0dIHDR\x00\
\x00\x00\x08\x00\x00\x00\x08\x08\x06\x00\x00\x00\xc4\x0f\xbe\x8b\
\x00\x00\x00\x09pHYs\x00\x00\x0b\x12\x00\x00\x0b\x12\
\x01\xd2\xdd~\xfc\x00\x00\x00#IDAT\x18\xd3c\
`\x80\x82\xffPP\x5c\x5c\xfc\x9f\x01\x0901\x10\x00\
CB\x01\x0b\x8cQRR\x82U\x01\x00;\x12\x0b\xbd\
\xfe(2e\x00\x00\x00\x00IEND\xaeB`\x82\
\
\x00\x00\x00\x97\
\x89\
PNG\x0d\x0a\x1a\x0a\x00\x00\x00\x0dIHDR\x00\
\x00\x00\x08\x00\x00\x00\x08\x08\x06\x00\x00\x00\xc4\x0f\xbe\x8b\
\x00\x00\x00\x09pHYs\x00\x00\x0b\x12\x00\x00\x0b\x12\
\x01\xd2\xdd~\xfc\x00\x00\x00IIDAT\x18\xd3c\
`\x00\x82\xffh\xa0\xb8\xb8\xf8?\x03\x14\xb0\x80\x04J\
JJ\x18\x90AOO\x0fX_oo/#\x0bL\
\x10\xc4AR\x800\x01Y7\xc84\x10\x8dn\x22\x8a\
\x02d\xfbA\x80\x09\x99\x83M'\x13\x16\xc71\x90d\
\x02\x00\xd6\xd51\xadQ\x9d\xfe'\x00\x00\x00\x00IE\
ND\xaeB`\x82\
\x00\x00\x00~\
\x89\
PNG\x0d\x0a\x1a\x0a\x00\x00\x00\x0dIHDR\x00\
\x00\x00\x08\x00\x00\x00\x08\x08\x06\x00\x00\x00\xc4\x0f\xbe\x8b\
\x00\x00\x00\x09pHYs\x00\x00\x0b\x12\x00\x00\x0b\x12\
\x01\xd2\xdd~\xfc\x00\x00\x000IDAT\x18\xd3c\
`\xa0\x18\xfc\x87\x82\xe2\xe2\xe2\xff\xc8l\x98<\x13!\
\x03\xa8\xa0\xa0\xa4\xa4\x04\xcc\xe8\xe9\xe9\xc1\xaa\x80\xa5\xb7\
\xb7\x97\x11\xe4V\x5c&\x00\x00\x02\xa1\x1aTa\xf0\x16\
\x9e\x00\x00\x00\x00IEND\xaeB`\x82\
\x00\x00\x00\x7f\
\x89\
PNG\x0d\x0a\x1a\x0a\x00\x00\x00\x0dIHDR\x00\
\x00\x00\x08\x00\x00\x00\x08\x08\x06\x00\x00\x00\xc4\x0f\xbe\x8b\
\x00\x00\x00\x09pHYs\x00\x00\x0b\x12\x00\x00\x0b\x12\
\x01\xd2\xdd~\xfc\x00\x00\x001IDAT\x18\xd3c\
\xf8\x0f\x05\xc5\xc5\xc5\xff\x19\xa0\x00Y\x8c\x89\x81\x00\x18\
\x0c\x0a\x18A.\xed\xe9\xe9\xc1\x90())\x81(\x00\
\x11\xc8^D\x06\xbd\xbd\xbd\x8c\x00tV\x1e\x05\xddp\
\xed\x91\x00\x00\x00\x00IEND\xaeB`\x82\
\x00\x00\x00\x97\
\x89\
PNG\x0d\x0a\x1a\x0a\x00\x00\x00\x0dIHDR\x00\
\x00\x00\x08\x00\x00\x00\x08\x08\x06\x00\x00\x00\xc4\x0f\xbe\x8b\
\x00\x00\x00\x09pHYs\x00\x00\x0b\x12\x00\x00\x0b\x12\
\x01\xd2\xdd~\xfc\x00\x00\x00IIDAT\x18\xd3}\
\x8e\xc1\x0d\x00 \x08\x03\xc1\x95a\x0c\x98Y\xadI\x0d\
Q\xe3\xbd\x14\x9a+\x22\x93\xfe\xc0\xcc:v\x8a\x0f\x1e\
\xee.$\x22\x84\xb3\x1d 5\xb8\x80\xea[\xc1PU\
W[cEf*\x06g\xc5u\xc3y\x8bR\xff\x02\
\xd6\x01\x1c\xaeS\xa4Y\xcb\xb6s\x00\x00\x00\x00IE\
ND\xaeB`\x82\
\x00\x00\x00\x87\
\x89\
PNG\x0d\x0a\x1a\x0a\x00\x00\x00\x0dIHDR\x00\
\x00\x00\x08\x00\x00\x00\x08\x08\x06\x00\x00\x00\xc4\x0f\xbe\x8b\
\x00\x00\x00\x09pHYs\x00\x00\x0b\x12\x00\x00\x0b\x12\
\x01\xd2\xdd~\xfc\x00\x00\x009IDAT\x18\xd3c\
`@\x03\xff\x81\xa0\xb8\xb8\xf8?\x8c\xcf\x84.YR\
R\xc2\x80\x15\xc0t\x22\xeb\xc60\x01\x04z{{\x19\
\xf1*\xc0\x09@F\xa3;\x90(E,X\xecG1\
\x01\x00_\xf9*\x0a\x84[\xff\xb8\x00\x00\x00\x00IE\
ND\xaeB`\x82\
\x00\x00\x00\x8a\
\x89\
PNG\x0d\x0a\x1a\x0a\x00\x00\x00\x0dIHDR\x00\
\x00\x00\x08\x00\x00\x00\x08\x08\x06\x00\x00\x00\xc4\x0f\xbe\x8b\
\x00\x00\x00\x09pHYs\x00\x00\x0b\x12\x00\x00\x0b\x12\
\x01\xd2\xdd~\xfc\x00\x00\x00<IDAT\x18\xd3\xad\
\x8c\xc1\x0d\x00 \x08\x03\xd1\xb81\x8c\x013cjl\
\xd2\xbf\xde\xab\xbd\x14\xcc\xbe\xd0\x17wou\xe8\x13!\
\x22\x8e\xccL\x83\x04\x1c.\x06\x1di_\x0cU5\xf8\
\x9dG\xe2\x1e\xd8|\x88(\x06\xcf\xdfJ\xa1\x00\x00\x00\
\x00IEND\xaeB`\x82\
\x00\x00\x00\x98\
\x89\
PNG\x0d\x0a\x1a\x0a\x00\x00\x00\x0dIHDR\x00\
\x00\x00\x08\x00\x00\x00\x08\x08\x06\x00\x00\x00\xc4\x0f\xbe\x8b\
\x00\x00\x00\x09pHYs\x00\x00\x0b\x12\x00\x00\x0b\x12\
\x01\xd2\xdd~\xfc\x00\x00\x00JIDAT\x18\xd3m\
\x8f\x8b\x09\xc00\x08D\xcf\xd2\x8du\x0c\x9d9\xe5B\
,\xc6\xe4\x81\xf8;Q1.\xa8\xea@R\x8b\xb4.\
zQ\x88\x08\xe1\x8c\xbb\x83\xc6\xf8Ac\x89~\x0eA\
\xe7\x10p?\xbd\x99\xcd\x5c\xb2P\xc9&\xd7\xc9\xf6\xd2\
\xe5\x96\x0f\x91\xc9F7\x06L\x1c@\x00\x00\x00\x00I\
END\xaeB`\x82\
\x00\x00\x00\x96\
\x89\
PNG\x0d\x0a\x1a\x0a\x00\x00\x00\x0dIHDR\x00\
\x00\x00\x08\x00\x00\x00\x08\x08\x06\x00\x00\x00\xc4\x0f\xbe\x8b\
\x00\x00\x00\x09pHYs\x00\x00\x0b\x12\x00\x00\x0b\x12\
\x01\xd2\xdd~\xfc\x00\x00\x00HIDAT\x18\xd3c\
\xf8\x0f\x05\xc5\xc5\xc5\xff\x19\xa0\x00Y\x8c\x89\x81\x00 \
\xa8\x80\x05\xc6\xe8\xe9\xe9\x01\x9b\x0e\xa5\xe1\x80\xf9\xcb\x97\
/\x0dnnn`\x0e\x8c\x06\x81\x92\x92\x12\x84*\x90\
c\x90\x01\x88\x8f\xech\x14EX%\x91\x15\xa1K\x02\
\x00)\xebA\xff=\x15H\xda\x00\x00\x00\x00IEN\
D\xaeB`\x82\
\x00\x00\x00\x8a\
\x89\
PNG\x0d\x0a\x1a\x0a\x00\x00\x00\x0dIHDR\x00\
\x00\x00\x08\x00\x00\x00\x08\x08\x06\x00\x00\x00\xc4\x0f\xbe\x8b\
\x00\x00\x00\x09pHYs\x00\x00\x0b\x12\x00\x00\x0b\x12\
\x01\xd2\xdd~\xfc\x00\x00\x00<IDAT\x18\xd3c\
`\xa0\x0a\xf8\x8f\x04\x8a\x8b\x8b\xffc\x95\x04I`S\
\xc4\x82\xac\xb8\xa4\xa4\x04\xc3t&dNOO\x0f\x18\
\xa3(\x80\xe9\x82I\xa0\x9b\xc2\x08\x22\xd0\x1d\xd6\xdb\xdb\
\xcb\x08c\x03\x00\xb4>/\xf6\x1d\x11\xb9\xc0\x00\x00\x00\
\x00IEND\xaeB`\x82\
\x00\x00\x00\x83\
\x89\
PNG\x0d\x0a\x1a\x0a\x00\x00\x00\x0dIHDR\x00\
\x00\x00\x08\x00\x00\x00\x08\x08\x06\x00\x00\x00\xc4\x0f\xbe\x8b\
\x00\x00\x00\x09pHYs\x00\x00\x0b\x12\x00\x00\x0b\x12\
\x01\xd2\xdd~\xfc\x00\x00\x005IDAT\x18\xd3c\
`\xa0\x18\xfc\xc7\x02\x8a\x8b\x8b\xff\xc3\xe4\x99JJJ\
\x18@\x18\x06\x90\xd9 \xc0\x083\x05Y\xb2\xb7\xb7\x97\
\x11\xae\x00\x9f$Qn`A\xb7\x13\x1d\x00\x00`\x08\
@\x01\x02\xec\xef\xdc\x00\x00\x00\x00IEND\xaeB\
`\x82\
\x00\x00\x00\x9d\
\x89\
PNG\x0d\x0a\x1a\x0a\x00\x00\x00\x0dIHDR\x00\
\x00\x00\x08\x00\x00\x00\x08\x08\x06\x00\x00\x00\xc4\x0f\xbe\x8b\
\x00\x00\x00\x09pHYs\x00\x00\x0b\x12\x00\x00\x0b\x12\
\x01\xd2\xdd~\xfc\x00\x00\x00OIDAT\x18\xd3m\
\x8fQ\x0e\x800\x08C\xc1xc8\x06\x9c\x99\xad\x8b\
MPy_\x1dkZ\x10\xd9\xd4\x80\x99\x15\xfe\x14\x0f\
\x08w\x17\x12\x11\xc2\xd9-\x8d\xcc\xd4G\x16g/\x03\
\xeb\xa8\x91p}\x0d\xbd\x0a\xfc\x0c\xad\xe6\xa0\xd8\x96K\
MI\xc7\xcd\x93\xa6\xb4\x052\xb03\x07P.)k\
\x00\x00\x00\x00IEND\xaeB`\x82\
\x00\x00\x00u\
\x89\
PNG\x0d\x0a\x1a\x0a\x00\x00\x00\x0dIHDR\x00\
\x00\x00\x08\x00\x00\x00\x08\x08\x06\x00\x00\x00\xc4\x0f\xbe\x8b\
\x00\x00\x00\x09pHYs\x00\x00\x0b\x12\x00\x00\x0b\x12\
\x01\xd2\xdd~\xfc\x00\x00\x00'IDAT\x18\xd3c\
\xf8\x0f\x05\xc5\xc5\xc5\xff\x19\xb0\x00&\x06\x02`0(\
`\x04\xf9\x00\x97dII\x09\x03#.\xef\xc1\x00\x00\
\xe2T\x12\x0d\x91\x05\xc3\xdd\x00\x00\x00\x00IEND\
\xaeB`\x82\
\x00\x00\x00\x8c\
\x89\
PNG\x0d\x0a\x1a\x0a\x00\x00\x00\x0dIHDR\x00\
\x00\x00\x08\x00\x00\x00\x08\x08\x06\x00\x00\x00\xc4\x0f\xbe\x8b\
\x00\x00\x00\x09pHYs\x00\x00\x0b\x12\x00\x00\x0b\x12\
\x01\xd2\xdd~\xfc\x00\x00\x00>IDAT\x18\xd3c\
`@\x02\xff\x81\xa0\xb8\xb8\xf8?\x03.\x00\x92$Y\
\x11\x13\xba\x82\xde\xde^Fd>\x13\x03\x01\x80\xa1\x00\
d|II\x09v\xd50\xbb\x91\x1d\xc9\x8c\xac\xe0\xcb\
\x97/\x0d\xe8\xee\x00\x00\xd6\xb0,f\xd13){\x00\
\x00\x00\x00IEND\xaeB`\x82\
\x00\x00\x00k\
\x89\
PNG\x0d\x0a\x1a\x0a\x00\x00\x00\x0dIHDR\x00\
\x00\x00\x08\x00\x00\x00\x08\x08\x06\x00\x00\x00\xc4\x0f\xbe\x8b\
\x00\x00\x00\x09pHYs\x00\x00\x0b\x12\x00\x00\x0b\x12\
\x01\xd2\xdd~\xfc\x00\x00\x00\x1dIDAT\x18\xd3c\
`\x18j\xe0?\x10\x14\x17\x17\xffG\x16cB\xe6\x94\
\x94\x94\x90n*\x00T\xe2\x07\xb3\x98\x00\xf2\xa7\x00\x00\
\x00\x00IEND\xaeB`\x82\
\x00\x00\x00\x88\
\x89\
PNG\x0d\x0a\x1a\x0a\x00\x00\x00\x0dIHDR\x00\
\x00\x00\x08\x00\x00\x00\x08\x08\x06\x00\x00\x00\xc4\x0f\xbe\x8b\
\x00\x00\x00\x09pHYs\x00\x00\x0b\x12\x00\x00\x0b\x12\
\x01\xd2\xdd~\xfc\x00\x00\x00:IDAT\x18\xd3c\
\xf8\x0f\x05\xc5\xc5\xc5\xff\x19\xb0\x01\x90\x04\x08SW!\
\xb2\x22Ft\x05 \x09\x10]RR\x02\xe63\xe2\x92\
\x00\x81\xde\xde^FF\x5c\x1206#\xb2c\x90%\
`\x00\x00F?LUV\xb4!\xaa\x00\x00\x00\x00I\
END\xaeB`\x82\
\x00\x00\x00\x88\
\x89\
PNG\x0d\x0a\x1a\x0a\x00\x00\x00\x0dIHDR\x00\
\x00\x00\x08\x00\x00\x00\x08\x08\x06\x00\x00\x00\xc4\x0f\xbe\x8b\
\x00\x00\x00\x09pHYs\x00\x00\x0b\x12\x00\x00\x0b\x12\
\x01\xd2\xdd~\xfc\x00\x00\x00:IDAT\x18\xd3c\
`\xa0\x0a\xf8\x8f\x04\x8a\x8b\x8b\xffc\x95\x04I`S\
\xc4D\xc8t\xa6\x92\x92\x120\xa3\xa7\xa7\x07\xab\x02\x96\
\xde\xde^F\x90M\xb8\x14\xb1\x80\x08\xa8\x22\x06\x98B\
d\x00\x00\x0cV,\xebl:\x08\x8e\x00\x00\x00\x00I\
END\xaeB`\x82\
\x00\x00\x00\x92\
\x89\
PNG\x0d\x0a\x1a\x0a\x00\x00\x00\x0dIHDR\x00\
\x00\x00\x08\x00\x00\x00\x08\x08\x06\x00\x00\x00\xc4\x0f\xbe\x8b\
\x00\x00\x00\x09pHYs\x00\x00\x0b\x12\x00\x00\x0b\x12\
\x01\xd2\xdd~\xfc\x00\x00\x00DIDAT\x18\xd3\xad\
\x8fQ\x0a\x00 \x08CWtc=\x86\x9e\xd922\
$\xea\xaf\x07\x03\x19\xb21\xd8\x03\x222\x0c\x1a\x16\xcc\
\x1c'Ddj`\x15\x09U-\xae\xec\x15\x8f\xc3\x85\
H\xdc\x0fgEx\x1f*b\xce\x0dO\xebg9=\
\x98!\x8a\xc3\x0c\x00\x00\x00\x00IEND\xaeB`\
\x82\
\x00\x00\x00\x82\
\x89\
PNG\x0d\x0a\x1a\x0a\x00\x00\x00\x0dIHDR\x00\
\x00\x00\x08\x00\x00\x00\x08\x08\x06\x00\x00\x00\xc4\x0f\xbe\x8b\
\x00\x00\x00\x09pHYs\x00\x00\x0b\x12\x00\x00\x0b\x12\
\x01\xd2\xdd~\xfc\x00\x00\x004IDAT\x18\xd3c\
\xfc\x0f\x04\x0c8@II\x09\x03\x0b2\x07\x1b`A\
\xe6\xf4\xf6\xf62b\xa8\xf8\x8f\x03\x14\x17\x17\xffG1\
\x81l+\x98\x18\x08\x00\x16\x5cF\xc3\x00\x00\x9a<'\
\x14\x99@\x02\xe1\x00\x00\x00\x00IEND\xaeB`\
\x82\
\x00\x00\x00\x97\
\x89\
PNG\x0d\x0a\x1a\x0a\x00\x00\x00\x0dIHDR\x00\
\x00\x00\x08\x00\x00\x00\x08\x08\x06\x00\x00\x00\xc4\x0f\xbe\x8b\
\x00\x00\x00\x09pHYs\x00\x00\x0b\x12\x00\x00\x0b\x12\
\x01\xd2\xdd~\xfc\x00\x00\x00IIDAT\x18\xd3u\
N\x09\x0e\x000\x04\xb3e?\xe6\x19\xbc\xd9\xd2\x85d\
v4\x11J)\xf2\x003;\x05\xf6^\xa7\x03\x18 \
\x8b\xc8\xe2\xe374\xb3V\xce\xbd\xac.\xbf\x97\xa8\xfc\
\x90\xbe\xaaJ)*?\x84\xafC\x80@=r\xeb\x14\
%\x9f+\x98X:|Tw\x89\x00\x00\x00\x00IE\
ND\xaeB`\x82\
\x00\x00\x00|\
\x89\
PNG\x0d\x0a\x1a\x0a\x00\x00\x00\x0dIHDR\x00\
\x00\x00\x08\x00\x00\x00\x08\x08\x06\x00\x00\x00\xc4\x0f\xbe\x8b\
\x00\x00\x00\x09pHYs\x00\x00\x0b\x12\x00\x00\x0b\x12\
\x01\xd2\xdd~\xfc\x00\x00\x00.IDAT\x18\xd3c\
` \x06\xfc\x87\x82\xe2\xe2\xe2\xff\xe8rLD\xeb\xc6\
e\x0aSII\x09\x9c\x83\xcc&\xda\x0d\x18\xd6\xa0+\
b\xc1k4\x10\x00\x00\x14N9Q\x0d\x80-\xdc\x00\
\x00\x00\x00IEND\xaeB`\x82\
\x00\x00\x00\x92\
\x89\
PNG\x0d\x0a\x1a\x0a\x00\x00\x00\x0dIHDR\x00\
\x00\x00\x08\x00\x00\x00\x08\x08\x06\x00\x00\x00\xc4\x0f\xbe\x8b\
\x00\x00\x00\x09pHYs\x00\x00\x0b\x12\x00\x00\x0b\x12\
\x01\xd2\xdd~\xfc\x00\x00\x00DIDAT\x18\xd3\xa5\
\x8fA\x0a\x00 \x08\x04\xd7\xbe\xac\xcf\xd07[F\x82\
I\xb7\x06\x04\x19<\x8c\xc0\xc2\x1b\xcc\xec8P\x88X\
D$\x1dT\x15\xe9\x06\x0afF1\xd5]\x07/\xfe\
\x0f(\x8a3\xaa\x92\xd1;\xa8\xbe\xd5\xa3'\xd2\xfc'\
T\x1b\xd9\xa9 \x00\x00\x00\x00IEND\xaeB`\
\x82\
\x00\x00\x00j\
\x89\
PNG\x0d\x0a\x1a\x0a\x00\x00\x00\x0dIHDR\x00\
\x00\x00\x08\x00\x00\x00\x08\x08\x06\x00\x00\x00\xc4\x0f\xbe\x8b\
\x00\x00\x00\x09pHYs\x00\x00\x0b\x12\x00\x00\x0b\x12\
\x01\xd2\xdd~\xfc\x00\x00\x00\x1cIDAT\x18\xd3c\
`\xa0=\xf8\x8f\x03\x14\x17\x17\xff\x07\xc9\xb3\x94\x94\x94\
0\x0c0\x00\x006>\x1b\xa1U\x0e\xc5\xe4\x00\x00\x00\
\x00IEND\xaeB`\x82\
\x00\x00\x00\x9e\
\x89\
PNG\x0d\x0a\x1a\x0a\x00\x00\x00\x0dIHDR\x00\
\x00\x00\x08\x00\x00\x00\x08\x08\x06\x00\x00\x00\xc4\x0f\xbe\x8b\
\x00\x00\x00\x09pHYs\x00\x00\x0b\x12\x00\x00\x0b\x12\
\x01\xd2\xdd~\xfc\x00\x00\x00PIDAT\x18\xd3c\
\xfe\x0f\x04_\xbe|i8~\xfcx#\x03\x12\x80\x89\
3\x818===\x0c\xc5\xc5\xc5\xff\x91%al\x16\
\x18\x03\xa4\x08$\x07\xa5\xe1\x80\x09\x99\x83.\x89\xa2\xa0\
\xa4\xa4\x04\x85\xc6j\x02\xba$\x86\x82\xde\xde^F\x10\
F\x16c\xc1\xa6\x0bY\x0c\x00d\xf0)\x9b\xf7\xb6T\
:\x00\x00\x00\x00IEND\xaeB`\x82\
\x00\x00\x00\x89\
\x89\
PNG\x0d\x0a\x1a\x0a\x00\x00\x00\x0dIHDR\x00\
\x00\x00\x08\x00\x00\x00\x08\x08\x06\x00\x00\x00\xc4\x0f\xbe\x8b\
\x00\x00\x00\x09pHYs\x00\x00\x0b\x12\x00\x00\x0b\x12\
\x01\xd2\xdd~\xfc\x00\x00\x00;IDAT\x18\xd3c\
`@\x02\xff\x81\xa0\xb8\xb8\xf8?\x03:\xf8\x8f\x05\xc0\
\x15\x22\x0b \xd306#\x88\xe8\xe9\xe9\x81\x9bVR\
R\xc2\x80\x13P\xc7\x0at\xab\x18A\x046\xaf\xf5\xf6\
\xf6\x82\xe5\x00\xc7\x0do\x80!\xbbA\x0e\x00\x00\x00\x00\
IEND\xaeB`\x82\
\x00\x00\x00|\
\x89\
PNG\x0d\x0a\x1a\x0a\x00\x00\x00\x0dIHDR\x00\
\x00\x00\x08\x00\x00\x00\x08\x08\x06\x00\x00\x00\xc4\x0f\xbe\x8b\
\x00\x00\x00\x09pHYs\x00\x00\x0b\x12\x00\x00\x0b\x12\
\x01\xd2\xdd~\xfc\x00\x00\x00.IDAT\x18\xd3c\
f\xc0\x01\xfe\x03\xc1\x97/_\x1a\x18qI\x96\x94\x94\
\xe0\xd6Y\x5c\x5c\x0c\xc6\x83B\x12\x08\x98A^\x011\
z{{\xb1\xfa\x08\x00\xac\x97=\x18\xf8\xc8#\x9a\x00\
\x00\x00\x00IEND\xaeB`\x82\
\x00\x00\x00\xa0\
\x89\
PNG\x0d\x0a\x1a\x0a\x00\x00\x00\x0dIHDR\x00\
\x00\x00\x08\x00\x00\x00\x08\x08\x06\x00\x00\x00\xc4\x0f\xbe\x8b\
\x00\x00\x00\x09pHYs\x00\x00\x0b\x12\x00\x00\x0b\x12\
\x01\xd2\xdd~\xfc\x00\x00\x00RIDAT\x18\xd3c\
\xf8\x0f\x05\xc5\xc5\xc5\xff\x19\xa0\x00Y\x8c\x89\x81\x00`\
\x811zzz\xc0\x9a\xa14\x1c0\x7f\xf9\xf2\xa5\xc1\
\xcd\xcd\x0d\xcc\x81\xd1 PRR\x82P\x05\xb2\x0b\x19\
\x80\xf8071\x22;\x0cYgoo/X\x0e\xab\
#a\x92(\x8eD\xb1\x13\x09\x00\x00>b<T\x09\
\x95\x15\x06\x00\x00\x00\x00IEND\xaeB`\x82\
\x00\x00\x00\x99\
\x89\
PNG\x0d\x0a\x1a\x0a\x00\x00\x00\x0dIHDR\x00\
\x00\x00\x08\x00\x00\x00\x08\x08\x06\x00\x00\x00\xc4\x0f\xbe\x8b\
\x00\x00\x00\x09pHYs\x00\x00\x0b\x12\x00\x00\x0b\x12\
\x01\xd2\xdd~\xfc\x00\x00\x00KIDAT\x18\xd3\x85\
\x8fQ\x0a\xc00\x08C\xe3\xe8\x8d\xf5\x18z\xe6\xb6\x0e\
\x02\x19\x08{_\x1a#F\xe0\xb2\x07\xdc}\xf7\xcc\xba\
\xe9\x22\x22@2\x13\xd4\x16\x84\xaa\xb2\xdeT\xf3\xc7@\
\x93\xf6\x0f~X\x93\xa8\xb9\xde\x9b\x0c\xa50\x87\xf1\x9d\
\x89\xces\x00\x84^4b\x06\xa5\xa85\x00\x00\x00\x00\
IEND\xaeB`\x82\
\x00\x00\x00\x88\
\x89\
PNG\x0d\x0a\x1a\x0a\x00\x00\x00\x0dIHDR\x00\
\x00\x00\x08\x00\x00\x00\x08\x08\x06\x00\x00\x00\xc4\x0f\xbe\x8b\
\x00\x00\x00\x09pHYs\x00\x00\x0b\x12\x00\x00\x0b\x12\
\x01\xd2\xdd~\xfc\x00\x00\x00:IDAT\x18\xd3c\
d\xc0\x02\xfe\x03\x01\x88.))a`b \x00\x08\
+\xf8\x0f\x05\xc5\xc5\xc5\xff\xc93\x81\x90\x02F\x90\xd1\
===\x18\x12 \x1f\x80\x15\x80\x08\x5c\xf6\xf7\xf6\xf6\
2\x02\x00\xe1C\x19\x0e\x195\x8f\xca\x00\x00\x00\x00I\
END\xaeB`\x82\
\x00\x00\x00\x82\
\x89\
PNG\x0d\x0a\x1a\x0a\x00\x00\x00\x0dIHDR\x00\
\x00\x00\x08\x00\x00\x00\x08\x08\x06\x00\x00\x00\xc4\x0f\xbe\x8b\
\x00\x00\x00\x09pHYs\x00\x00\x0b\x12\x00\x00\x0b\x12\
\x01\xd2\xdd~\xfc\x00\x00\x004IDAT\x18\xd3c\
\xfc\x0f\x04\x0c8@II\x09\x03\x0b2\x07\x1b`A\
\xe6\xf4\xf6\xf62b\xa8\xf8\x8f\x03\x14\x17\x17\xffG1\
\x81l+\x18\x09\xf9\x82\x11f\x17.\x00\x00\xe4\x1e-\
d;\xfc\x05T\x00\x00\x00\x00IEND\xaeB`\
\x82\
\x00\x00\x00\x8c\
\x89\
PNG\x0d\x0a\x1a\x0a\x00\x00\x00\x0dIHDR\x00\
\x00\x00\x08\x00\x00\x00\x08\x08\x06\x00\x00\x00\xc4\x0f\xbe\x8b\
\x00\x00\x00\x09pHYs\x00\x00\x0b\x12\x00\x00\x0b\x12\
\x01\xd2\xdd~\xfc\x00\x00\x00>IDAT\x18\xd3c\
`@\x02\xff\xa1\xa0\xb8\xb8\xf8?L\x8c\x89\x01\x0d\x94\
\x94\x94\xa0\xf01\x14\x80@oo/#\x86\x02\x90\xd1\
\xe8\xbaQ\x00\xc8^t\xfbQL@6\x16'\xc0\xe6\
\x0b\x16|>\x00\x01\x00\x01\xb8(\xb9\x86\xed\xde\xe9\x00\
\x00\x00\x00IEND\xaeB`\x82\
\x00\x00\x00s\
\x89\
PNG\x0d\x0a\x1a\x0a\x00\x00\x00\x0dIHDR\x00\
\x00\x00\x08\x00\x00\x00\x08\x08\x06\x00\x00\x00\xc4\x0f\xbe\x8b\
\x00\x00\x00\x09pHYs\x00\x00\x0b\x12\x00\x00\x0b\x12\
\x01\xd2\xdd~\xfc\x00\x00\x00%IDAT\x18\xd3c\
`@\x02\xff\x81\xa0\xb8\xb8\xf8?\x03.\x00\x92DW\
\xc4\x82\xac\xa0\xb7\xb7\x97\x11d\x10\xc3P\x03\x008\xdb\
\x11\xac\x0a\x85{\xee\x00\x00\x00\x00IEND\xaeB\
`\x82\
\x00\x00\x00\x8f\
\x89\
PNG\x0d\x0a\x1a\x0a\x00\x00\x00\x0dIHDR\x00\
\x00\x00\x08\x00\x00\x00\x08\x08\x06\x00\x00\x00\xc4\x0f\xbe\x8b\
\x00\x00\x00\x09pHYs\x00\x00\x0b\x12\x00\x00\x0b\x12\
\x01\xd2\xdd~\xfc\x00\x00\x00AIDAT\x18\xd3c\
`\xa0\x0a\xf8\x8f\x04\x8a\x8b\x8b\xff#\xcb\xb1\x80\x04A\
\x8c\x92\x92\x12\xb0@OO\x0fXOoo/#X\
\x01L%T\x02\x03\xc0\x15\xc0L\xc0\x00 ;\xd1\x01\
\xb2;X\xa0v\xfd\xc7\xe5\x01\x00\x07J2G\x8f\xe2\
\xdf\x90\x00\x00\x00\x00IEND\xaeB`\x82\
\x00\x00\x00\x92\
\x89\
PNG\x0d\x0a\x1a\x0a\x00\x00\x00\x0dIHDR\x00\
\x00\x00\x08\x00\x00\x00\x08\x08\x06\x00\x00\x00\xc4\x0f\xbe\x8b\
\x00\x00\x00\x09pHYs\x00\x00\x0b\x12\x00\x00\x0b\x12\
\x01\xd2\xdd~\xfc\x00\x00\x00DIDAT\x18\xd3m\
\x8e\xc1\x09\x000\x08\xc4\xactc\x1dCgn\x11\xb4\
\x5c\xc5\xfb\x19B\x90NND\x0e\xe5\x90qA3#\
\x94j\x1b\x8f\x90\x22\x80\xec\x15T\x95\xa6q\x07Y\x99\
\x85\xa9\xf2\x09\xee\xbe\xba\xb4;\x08\x09\x1f\xbd0\xd1&\
\xb5\x08\x0b\xd9\xdc\x00\x00\x00\x00IEND\xaeB`\
\x82\
\x00\x00\x00\x81\
\x89\
PNG\x0d\x0a\x1a\x0a\x00\x00\x00\x0dIHDR\x00\
\x00\x00\x08\x00\x00\x00\x08\x08\x06\x00\x00\x00\xc4\x0f\xbe\x8b\
\x00\x00\x00\x09pHYs\x00\x00\x0b\x12\x00\x00\x0b\x12\
\x01\xd2\xdd~\xfc\x00\x00\x003IDAT\x18\xd3c\
` \x16\xfc\x07\x82\xe2\xe2\xe2\xff\xe8\xe2L0FI\
I\x09\x03\x8d\x01^7\x80$q\xb9\x81\x19D|\xf9\
\xf2\xa5\x01D\xf7\xf6\xf62\xa2+\x00\x00D\xfd\x18h\
\xa9hi\x98\x00\x00\x00\x00IEND\xaeB`\x82\
\
\x00\x00\x00\xa1\
\x89\
PNG\x0d\x0a\x1a\x0a\x00\x00\x00\x0dIHDR\x00\
\x00\x00\x08\x00\x00\x00\x08\x08\x06\x00\x00\x00\xc4\x0f\xbe\x8b\
\x00\x00\x00\x09pHYs\x00\x00\x0b\x12\x00\x00\x0b\x12\
\x01\xd2\xdd~\xfc\x00\x00\x00SIDAT\x18\xd3c\
` \x16\xfcG\x02\xc5\xc5\xc5\xffa\xe2L\xc8\x8aJ\
JJ042\xc3t\xc3$w\xed\xda\xc5\xd0\xd3\xd3\
\xc3\xf0\xe5\xcb\x97\x86\xe3\xc7\x8f7\xa2\x98\xd0\xdb\xdb\xcb\
\x08\xc2\xc8b,\xc8\xba\x91\xad\x02\x99\x022\x9c\x19d\
\x14L7L\x01\xc8h\x988A\x00\x00\xa2\x986\xf0\
B\xccQ\x8f\x00\x00\x00\x00IEND\xaeB`\x82\
\
\x00\x00\x00s\
\x89\
PNG\x0d\x0a\x1a\x0a\x00\x00\x00\x0dIHDR\x00\
\x00\x00\x08\x00\x00\x00\x08\x08\x06\x00\x00\x00\xc4\x0f\xbe\x8b\
\x00\x00\x00\x09pHYs\x00\x00\x0b\x12\x00\x00\x0b\x12\
\x01\xd2\xdd~\xfc\x00\x00\x00%IDAT\x18\xd3c\
`\xa0\x18\xfc\xc7\x01\x8a\x8b\x8b\xff\xa3(\x00\x09\xa0\xb3\
A4\x13!\x1b(W\xc0\x08w\x0c\x0e\x00\x00\xe6\xed\
7\x94\x1d)0\xca\x00\x00\x00\x00IEND\xaeB\
`\x82\
\x00\x00\x00p\
\x89\
PNG\x0d\x0a\x1a\x0a\x00\x00\x00\x0dIHDR\x00\
\x00\x00\x08\x00\x00\x00\x08\x08\x06\x00\x00\x00\xc4\x0f\xbe\x8b\
\x00\x00\x00\x09pHYs\x00\x00\x0b\x12\x00\x00\x0b\x12\
\x01\xd2\xdd~\xfc\x00\x00\x00\x22IDAT\x18\xd3c\
` \x00\x18\xff\x03\x01.\xc9\x92\x92\x12\x06\xc6\xe2\xe2\
\xe2\xff\x0c\x94\x00:XA\x10\x00\x00\xdd+\x0fe\xbe\
\x85\x05\x84\x00\x00\x00\x00IEND\xaeB`\x82\
\x00\x00\x00\x86\
\x89\
PNG\x0d\x0a\x1a\x0a\x00\x00\x00\x0dIHDR\x00\
\x00\x00\x08\x00\x00\x00\x08\x08\x06\x00\x00\x00\xc4\x0f\xbe\x8b\
\x00\x00\x00\x09pHYs\x00\x00\x0b\x12\x00\x00\x0b\x12\
\x01\xd2\xdd~\xfc\x00\x00\x008IDAT\x18\xd3c\
`\xa0\x0a\xf8\x8f\x06\x8a\x8b\x8b\xff\xc3\xe4X@\x02 \
FII\x09q\xba1L@\xd6\xd9\xd3\xd3\x83a\x00\
\x0b\xba \xbaU\x8c\xc8\xc6\xc1@oo/#\x8c\x0d\
\x00\x0f\xdc7\xf2\x99b\x86\x06\x00\x00\x00\x00IEN\
D\xaeB`\x82\
\x00\x00\x00|\
\x89\
PNG\x0d\x0a\x1a\x0a\x00\x00\x00\x0dIHDR\x00\
\x00\x00\x08\x00\x00\x00\x08\x08\x06\x00\x00\x00\xc4\x0f\xbe\x8b\
\x00\x00\x00\x09pHYs\x00\x00\x0b\x12\x00\x00\x0b\x12\
\x01\xd2\xdd~\xfc\x00\x00\x00.IDAT\x18\xd3c\
` \x16\xfc\x87\x82\xe2\xe2\xe2\xff\xc8\xe2,0FI\
I\x09y&0\x11\xb2\x9a\x09\x9b.\x0c\x13zzz\
p\x9a\xc0B\xc8q\x00\xc0\xcc\x1f_\x07|\x0b\x1f\x00\
\x00\x00\x00IEND\xaeB`\x82\
\x00\x00\x00\x9f\
\x89\
PNG\x0d\x0a\x1a\x0a\x00\x00\x00\x0dIHDR\x00\
\x00\x00\x08\x00\x00\x00\x08\x08\x06\x00\x00\x00\xc4\x0f\xbe\x8b\
\x00\x00\x00\x09pHYs\x00\x00\x0b\x12\x00\x00\x0b\x12\
\x01\xd2\xdd~\xfc\x00\x00\x00QIDAT\x18\xd3m\
\x8e\x01\x0e\xc0 \x08\x03\x8b\xd9\x8f\xe1\x19\xf0f\xb7.\
6A\xe3%\x18\xa9T\x0a|\xcc\x0b\xee>\xf9fl\
x\x89\x08\x88\xcc\x84\xb4\x81FU\x19\xabkCN\xba\
\xf4}\x1fx\x96c\x13\xb5\x02=\xa0B\x9d\x9a\xf1\xd8\
\x1c\x0b\xad\xfe\x03u\xf7\x19\xfa\x05\xc0\xc7O3\x96m\
\xbc\xe3\x00\x00\x00\x00IEND\xaeB`\x82\
\x00\x00\x00\x89\
\x89\
PNG\x0d\x0a\x1a\x0a\x00\x00\x00\x0dIHDR\x00\
\x00\x00\x08\x00\x00\x00\x08\x08\x06\x00\x00\x00\xc4\x0f\xbe\x8b\
\x00\x00\x00\x09pHYs\x00\x00\x0b\x12\x00\x00\x0b\x12\
\x01\xd2\xdd~\xfc\x00\x00\x00;IDAT\x18\xd3c\
\xfc\x0f\x04\x0c8@II\x09\x03cqq1\x8a\x82\
\x9e\x9e\x1e\xb8$\x080\x22K\xc2L\x83I\xf6\xf6\xf6\
22\xe2\x93\x84\x9b\x80K\x12\xac\x00\x9f$\x8a\x02\xa2\
}\x81\x0e\x00\x17*.i@\x8f\xdf\x9d\x00\x00\x00\x00\
IEND\xaeB`\x82\
\x00\x00\x00z\
\x89\
PNG\x0d\x0a\x1a\x0a\x00\x00\x00\x0dIHDR\x00\
\x00\x00\x08\x00\x00\x00\x08\x08\x06\x00\x00\x00\xc4\x0f\xbe\x8b\
\x00\x00\x00\x09pHYs\x00\x00\x0b\x12\x00\x00\x0b\x12\
\x01\xd2\xdd~\xfc\x00\x00\x00,IDAT\x18\xd3c\
`@\x03\xff\x81\xa0\xb8\xb8\xf8?\x8c\xcf\x84.YR\
R\x82\xa2\x81\x19\x99\xf3\xe5\xcb\x97\x06\x10\xdd\xdb\xdb\xcb\
\xc80\x94\x00\x00\x1a\x1e\x10\xb6U\x09\x0a\xfc\x00\x00\x00\
\x00IEND\xaeB`\x82\
\x00\x00\x00\x90\
\x89\
PNG\x0d\x0a\x1a\x0a\x00\x00\x00\x0dIHDR\x00\
\x00\x00\x08\x00\x00\x00\x08\x08\x06\x00\x00\x00\xc4\x0f\xbe\x8b\
\x00\x00\x00\x09pHYs\x00\x00\x0b\x12\x00\x00\x0b\x12\
\x01\xd2\xdd~\xfc\x00\x00\x00BIDAT\x18\xd3c\
`\x80\x82\xffH\xa0\xb8\xb8\xf8?\x032@\x96\xc0P\
\x84M\x17\xb2\x18\x13\x03\x01\xc0\x08R\x89K\xb2\xa4\xa4\
\x84\x81\x05\x99\x03\x03===p6\x8a\x15\xbd\xbd\xbd\
\x8c \x8c,\xc6\x82\xac\x13\x9bi\x00F\xf6E\xfa;\
\xe6|\xc8\x00\x00\x00\x00IEND\xaeB`\x82\
\x00\x00\x00\x93\
\x89\
PNG\x0d\x0a\x1a\x0a\x00\x00\x00\x0dIHDR\x00\
\x00\x00\x08\x00\x00\x00\x08\x08\x06\x00\x00\x00\xc4\x0f\xbe\x8b\
\x00\x00\x00\x09pHYs\x00\x00\x0b\x12\x00\x00\x0b\x12\
\x01\xd2\xdd~\xfc\x00\x00\x00EIDAT\x18\xd3u\
\x8eQ\x0e\x000\x04C+\xd9\x8d9\x06g\xb6I\xd6\
dKx_h)\xe0\x90\x0d\xaa\x9a\xa5I5U\x98\
\x19\x88\xbb\x83\xb3\xf5\x0a\x11!\xd7\x90\xe8\xe8\x22\x16\x05\
\x9a\xde\x8b\xe3\x0f\x8c\xfa\x0c\x1d\xb5$\xcc\x9a\xd8d\xb6\
F\xa4\x1cB\x91s\x00\x00\x00\x00IEND\xaeB\
`\x82\
\x00\x00\x00\x8d\
\x89\
PNG\x0d\x0a\x1a\x0a\x00\x00\x00\x0dIHDR\x00\
\x00\x00\x08\x00\x00\x00\x08\x08\x06\x00\x00\x00\xc4\x0f\xbe\x8b\
\x00\x00\x00\x09pHYs\x00\x00\x0b\x12\x00\x00\x0b\x12\
\x01\xd2\xdd~\xfc\x00\x00\x00?IDAT\x18\xd3c\
`@\x02\xff\xa1\xa0\xb8\xb8\xf8?L\x8c\x09YAI\
I\x09\x03:@Q\xd0\xdb\xdb\xcb\xc8@\x08\x80\x8cG\
\xb7\x86\x01\xdd\x1d I\x98\x02&\x5c&\xc1\xaccB\
\xd7\x8d\xae\x90\x85\x90/\x005.%\xb92lQ\xf8\
\x00\x00\x00\x00IEND\xaeB`\x82\
\x00\x00\x00z\
\x89\
PNG\x0d\x0a\x1a\x0a\x00\x00\x00\x0dIHDR\x00\
\x00\x00\x08\x00\x00\x00\x08\x08\x06\x00\x00\x00\xc4\x0f\xbe\x8b\
\x00\x00\x00\x09pHYs\x00\x00\x0b\x12\x00\x00\x0b\x12\
\x01\xd2\xdd~\xfc\x00\x00\x00,IDAT\x18\xd3c\
`\x18d\xe0?\x14\x14\x17\x17\xff\x87\x891!+(\
))\xc1\xd0\xc4\x82\xac\x1b\x9b\x22F\x18\x03\xd9\xd8\xde\
\xde^\xb88\x00s\x95\x15\x0c\x10\xc2d\xb6\x00\x00\x00\
\x00IEND\xaeB`\x82\
\x00\x00\x00\x89\
\x89\
PNG\x0d\x0a\x1a\x0a\x00\x00\x00\x0dIHDR\x00\
\x00\x00\x08\x00\x00\x00\x08\x08\x06\x00\x00\x00\xc4\x0f\xbe\x8b\
\x00\x00\x00\x09pHYs\x00\x00\x0b\x12\x00\x00\x0b\x12\
\x01\xd2\xdd~\xfc\x00\x00\x00;IDAT\x18\xd3c\
\xf8\x0f\x05\xc5\xc5\xc5\xff\x19\xa0\x00Y\x8c\x89\x81\x00 \
\xa8\x80\x11d\x14.\xc9\x92\x92\x12\x06\x16d\x0e\x0c\xf4\
\xf4\xf4`\xb7\xa2\xb7\xb7\x97\x11\x84Ir\x03\x0b\xb2\xd1\
\xd8\xac\x03\x00\xeb\xd6#\x12\x09\x9b\xaa\x81\x00\x00\x00\x00\
IEND\xaeB`\x82\
\x00\x00\x00\x82\
\x89\
PNG\x0d\x0a\x1a\x0a\x00\x00\x00\x0dIHDR\x00\
\x00\x00\x08\x00\x00\x00\x08\x08\x06\x00\x00\x00\xc4\x0f\xbe\x8b\
\x00\x00\x00\x09pHYs\x00\x00\x0b\x12\x00\x00\x0b\x12\
\x01\xd2\xdd~\xfc\x00\x00\x004IDAT\x18\xd3c\
`\x80\x82\xffPP\x5c\x5c\xfc\x9f\x01\x090!sJ\
JJ\x18\xd0\x01\x13\xba@oo/#^\x05\x04M\
 Y\x01\x03!_\xb0\xe0\xf3\x01\x08\x00\x00\xa4\xba\x19\
\x0f/\xa1\x91\xfc\x00\x00\x00\x00IEND\xaeB`\
\x82\
\x00\x00\x00\x8b\
\x89\
PNG\x0d\x0a\x1a\x0a\x00\x00\x00\x0dIHDR\x00\
\x00\x00\x08\x00\x00\x00\x08\x08\x06\x00\x00\x00\xc4\x0f\xbe\x8b\
\x00\x00\x00\x09pHYs\x00\x00\x0b\x12\x00\x00\x0b\x12\
\x01\xd2\xdd~\xfc\x00\x00\x00=IDAT\x18\xd3c\
`\xa0\x18\xfcG\x03\xc5\xc5\xc5\xff\x91\xe5\x19\x91\x05z\
zz\xc0tII\x09Coo/#\x88\xcd\x02b\
\x80t\xe2\xb2\x81\x09&\x09\xd2\x85U\x01\xba\xf1\xe8\x80\
\x05\x97N\x18\x00\x00\xde\x15'R*\xa44%\x00\x00\
\x00\x00IEND\xaeB`\x82\
\x00\x00\x00\x88\
\x89\
PNG\x0d\x0a\x1a\x0a\x00\x00\x00\x0dIHDR\x00\
\x00\x00\x08\x00\x00\x00\x08\x08\x06\x00\x00\x00\xc4\x0f\xbe\x8b\
\x00\x00\x00\x09pHYs\x00\x00\x0b\x12\x00\x00\x0b\x12\
\x01\xd2\xdd~\xfc\x00\x00\x00:IDAT\x18\xd3c\
` \x04\xfeCAqq\xf1\x7fl\xf2L\xd84 \
+fB\x97,))\xc1n\x05N\xab\x90%\xb0)\
B\xb1\x82\x11\x08@tOO\x0f\x03L\x11\x0b\xba\x9d\
\xe8|\x00=7C\xa7d\x1cI\x05\x00\x00\x00\x00I\
END\xaeB`\x82\
\x00\x00\x00\x81\
\x89\
PNG\x0d\x0a\x1a\x0a\x00\x00\x00\x0dIHDR\x00\
\x00\x00\x08\x00\x00\x00\x08\x08\x06\x00\x00\x00\xc4\x0f\xbe\x8b\
\x00\x00\x00\x09pHYs\x00\x00\x0b\x12\x00\x00\x0b\x12\
\x01\xd2\xdd~\xfc\x00\x00\x003IDAT\x18\xd3c\
`\xa0\x18\xfc\x87\x82\xe2\xe2\xe2\xff\xc8l\x98<\x13!\
\x03\x08+())\x013zzz\xc04\x8c\x8f\x02\
`\xf6\x83hd\xfb1\x14a\x93\x04\x003A(\xb7\
 =\x97\xa0\x00\x00\x00\x00IEND\xaeB`\x82\
\
\x00\x00\x00\x8f\
\x89\
PNG\x0d\x0a\x1a\x0a\x00\x00\x00\x0dIHDR\x00\
\x00\x00\x08\x00\x00\x00\x08\x08\x06\x00\x00\x00\xc4\x0f\xbe\x8b\
\x00\x00\x00\x09pHYs\x00\x00\x0b\x12\x00\x00\x0b\x12\
\x01\xd2\xdd~\xfc\x00\x00\x00AIDAT\x18\xd3\xbd\
\x8f\xc1\x09\x000\x08\x03cW\xd61tf\xdb<\x02\
R\xfa\xee\x81\xa2\x11#\x02\x87~\xe0\xee\xcd\x99\xb1a\
\x11\x11\x10\x99\x09i\x0b\x83\xaa2\xc6\xd4\x8cV\xda\x98\
\xc8\xf1\xc7\x09&\xbdtC\xb7\x0d\xc5\x19<NNR\
\x96L\x00\x00\x00\x00IEND\xaeB`\x82\
\x00\x00\x00\x9b\
\x89\
PNG\x0d\x0a\x1a\x0a\x00\x00\x00\x0dIHDR\x00\
\x00\x00\x08\x00\x00\x00\x08\x08\x06\x00\x00\x00\xc4\x0f\xbe\x8b\
\x00\x00\x00\x09pHYs\x00\x00\x0b\x12\x00\x00\x0b\x12\
\x01\xd2\xdd~\xfc\x00\x00\x00MIDAT\x18\xd3m\
\x8eQ\x0a\xc00\x08Cm\xd9\x8d\xf5\x18zfGF\
3\x824_IxJ\xcc\x8ez\xc8\xdd\x1b\xfdB\x80\
\x89\x08\xb2\x96\x99\xc6n\xcf\xb2\xaa\x96\x89\x1e\x1a\xd0\x07\
j\x05\xb6\x06\x81\xee\x00\xde\xeb\x96o$\xd7\xceK\x82\
\xff \x82\xf3\xe3\x0b0d1U1\xfbG\xb4\x00\x00\
\x00\x00IEND\xaeB`\x82\
\x00\x00\x00u\
\x89\
PNG\x0d\x0a\x1a\x0a\x00\x00\x00\x0dIHDR\x00\
\x00\x00\x08\x00\x00\x00\x08\x08\x06\x00\x00\x00\xc4\x0f\xbe\x8b\
\x00\x00\x00\x09pHYs\x00\x00\x0b\x12\x00\x00\x0b\x12\
\x01\xd2\xdd~\xfc\x00\x00\x00'IDAT\x18\xd3c\
`@\x02\xff\xa1\xa0\xb8\xb8\xf8?L\x8c\x89\x81\x00\xa0\
\x5c\x01\x0b2\xa7\xa4\xa4\x04\xbfj\xb2\x1cI\xd0\x0a\x00\
\xf1\x1f\x17i)\x80\xbf\xf0\x00\x00\x00\x00IEND\
\xaeB`\x82\
\x00\x00\x00|\
\x89\
PNG\x0d\x0a\x1a\x0a\x00\x00\x00\x0dIHDR\x00\
\x00\x00\x08\x00\x00\x00\x08\x08\x06\x00\x00\x00\xc4\x0f\xbe\x8b\
\x00\x00\x00\x09pHYs\x00\x00\x0b\x12\x00\x00\x0b\x12\
\x01\xd2\xdd~\xfc\x00\x00\x00.IDAT\x18\xd3c\
` \x04\xfeCAqq\xf1\x7fl\xf2LD\x9b\x80\
\xd3$d\x09l\x8a\x08Z\x01W\xd0\xd3\xd3\x83U\x01\
KII\x09^\x13\x00]\xfc4C\x1fi\xae~\x00\
\x00\x00\x00IEND\xaeB`\x82\
\x00\x00-\x8f\
\x89\
PNG\x0d\x0a\x1a\x0a\x00\x00\x00\x0dIHDR\x00\
\x00\x01L\x00\x00\x00G\x08\x06\x00\x00\x00l\xde~(\
\x00\x00\x00\x09pHYs\x00\x00L\xe5\x00\x00L\xe5\
\x01u\xce\xf0\x95\x00\x00 \x00IDATx\xda\xed\
]\x07xTU\xf6\xbf\x99\x92\x99\x94IBH!!\
\x04\x085A@\x10\x01\x11\x09E@@\x14\x90O\xb1\
\x00\x8a+\xeb'\xae\x0a\xae.\x22\xea\xba\x96\xb5\xee\x22\
\xfc\x05\xb1\xad\x80\xb8\x8a\x80 \x22\xa2\x82\x88\xa0\xac\x88\
H\x0d\x84\x10 \x84\xf46)\x93I\xa6\xfd\xcf\x8d\xe7\
\xf0n\x9e)3o&\xe1\x01s\xbe\xef2a\xca}\
\xb7\xfeN\xb9\xe7\x9c\x1b\xc0Z\x8f\x02\xdc\xf8\x8e\x8b\xf9\
\xc9O~\xf2\x93J)\xa0\x85\xeb\xd6@\xd1A\xd1b\
\xd1\xe0\xab\x9c\x1cP\x9c\xf8\xca\x8b\x1d\xff\xef\x07P?\
\xf9\xc9O\x97,`\x12H\xea\xa1\x18\xa0\x04\xe3+\xff\
\xbf\xd1\x0d\xc0\xb4A\xb1B\xa9\xc1b\xc1\xf7\xfc\xe0\xe9\
'?\xf9\xe9\x92\x01\xcc\x00\x04\xc2 (\xa1\x08\x94\xbc\
\x98\xf0\xff!\x08\x9c\x04\x9ar\x22\xb0\xe4\x00Y\x05\xa5\
Rx\xa5\xf7\xaaQ\xf2\xf4\x03\xa7\x9f\xd4\xa6M5E\
.\x1f\xb6\xcf\xd5\xca}u]\x06\xf3\xe3Q_\x03|\
\xd0I\x02\xca0\x04\xc8p(\x91X\xc2\xb1\x98\x10@\
\xb9\xa4\x19\xd8\x88\x84iEp\xe4\xc5\x0c\xa5Dx-\
\xc3\xbf+\xf0s\x87\x1f8\xfd\xd4\x0c\xf1u)\x9a\x83\
.\xc4\xa6t\x09\xeb[451\x14\x1cH\xe3\xa2\xd7\
\x80V\xaa\xcb\x93\xf6;\x84\xe72a\xefy\xab\xf5i\
\x05m\x94\xf9\xb0\xcd\xde\xf4S4\x0b:}\x0d\x98Z\
\x94\x1a\xc3\x05\x90\x8c\x82\x12\x8b\xaf\xd1\x81\x81\x81m\xaf\
\xbf\xfe\xfa\x0e\xc3\x87\x0fo\x9f\x9c\x9c\x1c\xd1\xb9s\xe7\
\xe0\x98\x98\x18CHH\x88\xc6h4jjjj\x5c\
\x16\x8b\xc5QTTT{\xea\xd4)Kzz\xbay\
\xd7\xae]y_}\xf5\xd5\xe9\x8a\x8a\x8ab\xa8\xa3\x08\
K>\x94B\xfc\xdb\x8c\xa5F\x98D?\xf9I\x5c\xd3\
\x81\xb8&\x8dL2\x09i/P{\x1c\xa8=\xd5\xa0\
P`\xc5\x0d\x1a\xa4\xa0}\x0d\xd5\xc5\xb0\x9e\x96\xea\xab\
h.\xa3\xe7\xdb\x10\xb0\xad\xcc\xf33\x07\xb5\xcdOC\
cK\xdam\xad\xbcOJ\x01S\x87\x12e\x1b\x04J\
\x0e\x92q\xbch4\x9a\xf8\xa9S\xa7&\xdfq\xc7\x1d\
\xdd\x01,\xa3\x01\x1c=\x1e\x08\x00R'\x00g\xf1'\
\x9f|\x92\xb9r\xe5\xca#\xf0\xfflx;\x17J\x0e\
\x82g\x11J\x9d\xe5~5\xddO\xb2\xf5\xcc7`[\
d\xda\x91\xa8\xdd\x18\x05I\xa6\xb5\x89\xec\xf2\x15\x82\x96\
\xc4P\xe3\x8a\x90i_\x9e\xd6e\x11\xea2\x09 \xa4\
\xf7q\xfb\x1d\x08$\xb52\xb0\xae\x114\xc3j\xfc\xbb\
\xb9\xfdh\x10\x84\xab\xc8\x16j\xb37\xf3DZm\x11\
\xbe\xd6x\x03\x98\xc4\x1d\x22\x11,\xe3\xa1$`\x89\xbb\
\xf5\xd6[\xfb>\xf3\xcc3}SRRB}\xd5\x8b\
\xac\xac,\xeb\xcb/\xbf|d\xe9\xd2\xa5\xbf `f\
A\xc9\x16\x80\xb3\x14;\xe5\x07M?q\xe6\x1c\x83\xcc\
\xbb#\xae\xcb(\x04\x93\x0b\x09\x98\x15\x82\xa6T\x82\xef\
\x87\x0b\xda\x98\xc9M)K^W\x19Jv$\xb4\xb4\
\x11\x18\x84\xaf\xa5K+\x93\xce\x19\xc4\xb3\x86\x0a\x193\
\xa0s\x87\x86\x80S\x8b\xcc,\x16\xe7'Q\xe8\xbf\xf1\
\x02\xaf\x1dbD\x05\x88/gp\x8c\x8bEM\xd6\x13\
\xc0\x14\xb9w,\x82eg^RSS{\xbd\xf0\xc2\
\x0b\x03\xae\xbd\xf6\xda\xc8\x96\xea\xcd\x91#G*\x00\x8c\
\xf7\xaf[\xb7n\x1fvF\x0e\x9c\xd6\xc6\xec\x0e~\xba\
l\x88o\xba\xf6P\xba\x04\x05\x05\xf5\xfa\xe0\x83\x0f\xa6\
[,\x96P\x9b\xcdfp\xb9\x5c\x1a(\xadj#\x0b\
\x08\x08p\x81\xc6\xe5\xd0\xe9t\xb5N\xa7\xb3\xec\xde{\
\xef\xfd\x0c\xd7+\xa7\xe8\xc5\x8b\x17O\x08\x0b\x0b\x8b\x81\
\xf6\x19\xe1s\xde>MSuAq\xea\xf5\xfa\x1a\x83\
\xc1P\x09\x1a\xdcz\xa1\xae\xa8\xe5\xcb\x97O\x0c\x0c\x0c\
\x8c\xb2\xdb\xed\x81P\x97\xd6\xdb\xbe\xf2\xe7\x011\x18?\
\xbb\xd9l\xae)//\xe7\xc5r\xec\xd8\xb1\x92={\
\xf6\x149\x1c\x8er\x01(I\x22+d\xd2\xd9Ci\
\x03f3\x032\xb3\xaeP\x92W\xacXq\x17\xb4\xb5\
\x8d\xaf\xda\xec\x8by\x82\xb9(\x9c={\xf6jx;\
\x0d\xca)\xd4lk<\x05\xcc\x00\xb4\xb9\x90\x8d\x92s\
\x86\xaeZ\xad6\x09&\xea\xfa{\xee\xb9'\x09\x1e\xd8\
*\x9d\xdb\xbcys\xce\xed\xb7\xdf\xbe\xb5\xa2\xa2\xe2\x04\
v(\x0b%\xcfb\xe4z~\xd0\xbc|\xd5q\x13J\
.\xc9\x00D\x83`\xa3\xcfSK\xe3\x00ll\xe1\xe1\
\xe1\xef\xe0\x06\xe4\x14\x9b\x91\x911\xa3K\x97.a\x9e\
\xd6\x05\xe0\xe2\x82\xbd\xb7L\x00\xcc\xd8\xbc\xbc\xbc{b\
cc\x83Z\xa3/\xfc\xdc!--\xad\xf2\xc0\x81\x03\
\xa5k\xd6\xac\xc9\xd8\xbau\xebIlK>\xf6\x8f\xfe\
.E\xb3\x19\x81f(2\xb4^P\xfaUVV>\
\x1e\x12\x12\xa2W\xd3\x22*((\xb0\xc08\xfe\x1b\xfe\
\xdc\x87\xa0\x99%\x98>\xeal\x91\xeeJ\x96\x04\x96\x5c\
\xaa\xec\x1e\x13\x13\x93\x0c\xd2\xde\xd8\xa1C\x87\xb6m\xcd\
\x0eM\x980!\x1e8\xdc\xd4)S\xa6l;~\xfc\
8\xd9>4\x82\x0aQ\xedW\xcf/[\xd2\xe1z\x08\
\x06i%DM\x0dC\xe9)B\x90\xba\x22AJ\xf3\
\xe6\xa0#R\x90|\x22\xb8\x84\xdaZ}\x09\x0e\x0e\xd6\
^u\xd5U\xe1\xbc\xcc\x9a5\xab\x13H\x9d\xd7\xf0\xf3\
\x86E\x8b\x16\xed+++;\x85\xe6\x06\xb2\xcb\xeaP\
\xe2t\xb0\xfa\xfe\xd9\xe1\x17J\xa2l\x86\x19i\x84\xf6\
\xd3\x81T\x00a\x8a;\x83\x1c(\xa8\xe1u`9`\
\xc0\x80\xab\x00\xb4&\xb56X\x12\xa5\xa4\xa4\x98v\xed\
\xda5a\xfc\xf8\xf1\xd7\xc2\x7f{`\xbb\xe2\x11\xd4\x0d\
\xec\xc2\xfbt\xf9\xe9\xc2I\x99Z\xd6\xb8\xfb\xda\x85\x04\
L\xc6\xea\x07q\x18\x9aR\xc1\xdd4?\x18\x08\x80.\
$\xf8\xf4\xec\xd93\xe4\x99g\x9e\xe9}\xe8\xd0\xa1i\
\xb7\xdcr\xcb(x\xab\x0f\xc7\x09\xdc\x97\xb1\x08\xee\x81\
Lr\xf3\xd2\x0b@\xc4T6O\x01B\xfbD\x974\
\xe6\x0e`\xea\x98dPN$\xb0\xfc\xf6\xdboo\xe4\
.B\x17\xb2cQQQ\xfa\xcf>\xfbl\xe4\xcd7\
\xdf<\x04A3\x11\xdb\xd9Vm\x9b\xc5O\xadFZ\
\x0f\xd6\xf6\x85j\xdf\xf9\xcd\x88 \xeam}Z\xb5t\
.!!\xc1\xf8\xe9\xa7\x9f\x0e\xfb\xe8\xa3\x8f\xa6\xe8\xf5\
\xfa+\x104\xf9\xc1[\x1b\x94\xdaD\x10\xd2\xaat\x0d\
\x11\xd3mp\xfdh\x9a\x99\x0cr\x1d\xe2\xd2[W\xd0\
\xedS`@\xc6\x86\x87\x87\xeb\xd4\xd0\xb3\xc0\xc0\xc0\x80\
\xf7\xdf\x7f\x7fh\xef\xde\xbd\xf9\xe4t\xc5\xc9!W\x05\
m\x13\x03\xe2nin`5\xb2\x05\xa0q\xf3\xb7-\
1\xc9\xf2\xb6\xb4d\x9b\x02Zh\x1cu\x02\xa0\x904\
r\xa9h\x0b\x01\xb25\xa9\xb8o\x08\xb4>\xa9\xcb\xe7\
\x9d\x0c\x08`\xb7\xdf~{\xc7\x0d\x1b6L\xd2h4\
\xddq_\xc6#\x8e\xb8\xeb>\xa5j\x9bOc\x93k\
\x10\xc0\xb23p\x8c\xa4\xf5\xeb\xd7\x8f\xed\xd4\xa9S\x90\
\x9a:\x10\x19\x19\xa9_\xb7n\xdd\xf5\x83\x06\x0d2\x97\
\x96\x96\x92\xbb\x03\xf9\x89\xd1!\x90F\xa6\x0e\xb8\xc3\xdd\
\xecX\xc8\xf3\xdf%,z-\xaaD:Y]\xf4]\
\xee~Q\xcb$\x87^g\x0bl>y\x9f\x0c\x0dH\
Yb\x9b\xecL\xf2\xa9S\x92\xdc$@\x00\xb5\xc0\x06\
\x00\xa0!\x92;=\x8b\x11Z\xd4~\x0a\x99\xd5\xca6\
\x13\xfd\x96\x8fc\xb5P\x87\xffP\xef\x22\xa0\xf1\xe3\xc7\
\xc7\xadY\xb3f\xe2\xd4\xa9S\xc9\x11\x9c\x5c\xa2\xf4M\
Ip\x17+`j\x99\x14\xbd\xc3\xa5\xb6\xce\xef\xbc\xf3\
\xce\x98!C\x86D\xaa\xb1\x13\xdd\xbau\x0b\x010\x1f\
7b\xc4\x08ru\xe0\xbe`d\x10\xa7\xa8\x8a`\xc1\
\xee\xe3\x0e`\x8a\x0e\xbb\x14\xdd\xa0\x11\xea0\xca&\xdf\
\xc9\xeaGB\x88\x8e\xbd\xe5B}\xde\xaa`|\xceB\
\xd8\x1f#E\x02\x99t\x00\xa6e\xf5C\xbd\x08x\xa8\
/\xe4Kg\x15\x98Bs\xcf\x0dF\x8d\x83\xc6Q\xe3\
\x01`\x8aca\x15\x802X6/\x223\x13\xc7Q\
\xee\xfbg\xf3\x03\xa7\xfa\xe9\x96[n\xe9p\xff\xfd\xf7\
\x0f~\xeb\xad\xb7(\xa4\x99\xe1<k.\xd6>\xe9\x1a\
\x91$\x82\x98\xe4X\x9b0r\xe4\xc8+f\xcc\x98\xd1\
I\xcd\x1d\x19>|x4L\xce@\x98\x1c\xee\x07V\
\x82\x1bM#\x03\x7f:\xfdj\x8e\xc39\x05\xb0\xa4\xc9\
\xb6\xe1\x86\x16\x13\x8b\x88\xa7\xf4NA\xb2\x14c\xe2E\
\xa7\xder\xfc\xdc\xa9\x00(\xf5L\x8a\xd7\x0f\xc5W*\
\x0d\x018\x93Iw\xd6\x06\xdaE}k\xaa]\x1a\x04\
\xe8h\x86!\xaf\xf8|\xa3\x1b\x0b\x9f\xc0\x92\x1c\x9c\xcb\
\xb0=Z&E\xa6\xc8s\x0d\x88\x80i\x15\xda[\xc6\
$\x1f\xbfr&Ey\x89\xebV\xcd\xe4b\x97a(\
\xef\x93O>\xd9o\xe5\xca\x95i\x16\x8bE\x8c\x9aQ\
C(ds\xf3\xe4t\x170\xc9v\xc9\x01\x86;\x99\
&\xbc\xf8\xe2\x8b\x03\xb8mB\xed4\x7f\xfe\xfc>\xef\
\xbf\xff\xfe\xd1\xda\xda\xda\x12\xdchd\x0f\x8bEI9\
\x96\xb9\x17U\xe1\x10$1\x02\x16\x02L\x02\xa9\xd0\x0e\
\x1d:D&%%\x85DEE\x05\xe5\xe7\xe7\xd7d\
ff\x96\xe7\xe4\xe4\x94\x0b\xbf#\xf0&\xe7z\xfew\
)JJv7\xd5\xe0@\x01T\xc2\x05\xd0\xa2h\xab\
:\xb0\xd1h4\x81\xed\xdb\xb7\x0f\xe5%66\x96\x83\
\x99\xf3\xec\xd9\xb3\xd6\xac\xac\xac\xca\xa2\xa2\x22\x8b\x00>\
b\xbb\x8a\x84\xbfI:\x97Gh\xf0>G0\xc9K\
\x22\x11\x9f\x1d\xcc\x9a?\x5cs\xe03\xcbX\xfdP3\
\x03\xd6\xc9\xfb\x12n2\x99\xda\xf6\xec\xd93\x8a\xfb$\
\xc6\xc7\xc7\x87Z\xadV[^^^\xd5\xd1\xa3GK\
\x8e\x1d;V\x88cV\xc8$?\xbfB\xac\xa3\x845\
\x10\xef\xabJ\x03\xe6\xef\xfbG\xd4T.\x0b\xf0\xe4\x07\
AO=\xf5\xd4\xa0'\x9ex\x22_`\xd8\xfa\x8b`\
\x9e\x1cBi\x140I\xba4\xe1\x06\x89\xbb\xeb\xae\xbb\
z\x0f\x1a4\xa8\x8d/\x1ac6\x9b]\xbf\xfe\xfa\xab\
#&&F\xd3\xabW/\xcd\x993g\x5ciii\
\xf6\x01\x03\x06h\x01t\xbc\x16\xd3;v\xech\x84\x89\
\x19\xf8\xec\xb3\xcf\x16\xe1\xe6'U\xaf#\xa8\xecwv\
\xed\xda5\x81G\x14@i\xee0\xc2\x85\xde\xff\xce\xed\
\xdb\xb7\x9f\x9b;w\xee\x01Z\xe8\xa3G\x8f\xee0s\
\xe6\xcc.\xf0\x1a\x0b\xfd\xf8\x03`\xf08\xf8C\x87\x0e\
\x95o\xdd\xba\xf5\xdc\xc7\x1f\x7f\x9cq\xf8\xf0\xe1L\xdc\
\xe8<*)\x07\xdbD\xc0ik\xa2\x0d\xa4\xfe\xb7\x11\
@\x9230nS\xe6\xcf\x8e\xbd\xf1\xc6\x1b\xbb\x8e\x18\
1\x22n\xf0\xe0\xc1m\x01\xb8\x83\xa0\xbd\x0d\xf6\x89\xb7\
);;\xdb\xbak\xd7\xae\xa2/\xbf\xfc\xf2\xec\xe7\x9f\
\x7f\x9e\x09\xa0$:\x1aS\x8c\xbe\x1c\x84H\xba\xe4@\
\x1d\x07R\xfc\xd5K\x97.\xbd\xddf\xb3\xb9\x15\x99A\
\xd1)Z\xad\xd6~\xdbm\xb7}\x0d\x00x\x96\x18\x0f\
\xbc\xd7\xf6\xce;\xef\xec\x01\xeb\xab{jjjT`\
``\x83\xf3\x7f\xf2\xe4I\xcbw\xdf}\x97\xf7\xdak\
\xaf\xfdz\xfc\xf8\xf1L\x04k\xeeL|\x16\xbfB\xed\
\x0dP9`\xba\x04\x89\xde H3\x97<M\x9c8\
\xb1#\xec\xcbh\xd4\x0eDO\x01\xd5\x11\xdf\xf32\xad\
\xb2\x9e\xad_\xd7\xc0&\x0d\xc5E\x19\x05\x8b\xba=p\
\x87\xbe\xde6\xe2\xe7\x9f\x7f\xaeZ\xb2dI\xe1\x9a5\
k\xaa@\xfa\x0by\xf3\xcd7c\x010\x83@z\xb0\
\x8d\x1b7.\x07\x1aY\x09\x9b\xdf8g\xce\x9c\xe81\
c\xc6\x84{\xf3\xac\x87\x1ez\xa8;\xd4\x7f\x04\xa4*\
3J@\x5c\x12\x8a\x03i0\xbew\xef\xde\x1e\x03?\
lr\xfeR\x0b`\xacy\xe3\x8d7\x12o\xbe\xf9\xe6\
&\xeb0\x18\x0c\x1a`\x00\x11\xbc\x80:\xd2k\xc7\x8e\
\x1d\x85\xf3\xe6\xcd\xfbi\xff\xfe\xfd\xc7X\xfdD\x03Z\
\x94\xbal\x8dH\xf9\xa1L\x0a\x168\x1f\x1b\xdd\xa7O\
\x9f\xae\x0b\x16,\xe87y\xf2\xe4\xf6\xdcK\xc0\x9d>\
\xf06\x81\xf4\x16\x0c%\x11\xc0>\x11\xd4\xa3\xc1\x9b6\
m\xca\x01\x89|\xef\xe9\xd3\xa7\x09\x84L\x08\xeazl\
W\x0d\xae\x07\xb25F\x1a\x8d\xc6\xb8\xe4\xe4\xe4\x18E\
\xc6W\xad\xb6\x1b\x82\xbfm\xc8\x90!mW\xacXq\
%0\xb0f]\xd3\xb0\xddI\xd3\xa7O\xef\x04\x0c\xe8\
\xf4\xc3\x0f?\xfc\x1d0^\xb9\xfa^\xe2K\x9bfa\
a\xa1\x0b@\xba\x16\xdal\xe3!s|\x13q\xe0W\
\x02\x92\xbc\xf0z\xecv{\x052\xa5\x0a\x94\xaemj\
\x00\x08`\xa6l\xe3\xc6\x8d5\x8d\xf4U\x03\x12\xbf\x01\
\xe6\xc9\x10\x11\x11\xa1X\x85\xe6\xb9%`\x0e\xe3\x80\xf9\
\x15\xa2\xc4\xe6\x8e9\xa7Q\xaa\xac\xact\x01\xe3\xe7\xf3\
c\x87\xf6\xda\x11\xe4\x98\x929\x12\xe7I\xaf\xd7\xd7\xa2\
\xe9 \x9fI\xc9Mj\x9b\x920\xc9FWg\xbf\x04\
\xa9 \xb9{\xf7\xee\x8a#&***\x9c\x7f\xfb\xdb\
\xdf\x8e/[\xb6,\x03\x1f\x1c\x82@\xcc7h\x10\xbc\
\xf2\xc1+\x02i%\x1f\xa4\x9e\x0a(\xfa)S\xa6t\
\x06)\xa67\xa8\x95\x8a8Pdd\xa4\xee\xfe\xfb\xef\
\xbf\xe2\xf9\xe7\x9f/\xc4I\xa9K\x16\xe2p8\x14\xb9\
B\x01\xc0\x07\xf5\xef\xdf\xbf\xd3\xd7_\x7f\x1d\xde\xb6m\
[\x8f'\x99\xdbV\xf7\xec\xd93q\xd5\xaaU)\xc0\
\x10\xbe\x85\x05j\x146\xba\x037\xbb\xbd\x01\xb0\x8ca\
B\xbc>\xa86\x9c\x11\x0c\x9b0aB\x1c\x8c\x9bW\
\xd2\x14\x8f\xd4\x80\xb9\xed\x00L\xaa\xfd\xfb\xef\xbf\x7f\xf2\
\xe9\xa7\x9f\xde]VV\x16*\xb3\xc9R\xbb\xc8\xd1:\
\x186\xbd\xe2\xb5\x00R)\x0f\x893\xc1zh\xf3\x8f\
\x7f\xfc#\xda]\xb0\x17A\x1f\xc0>\xe9\xea\xab\xaf\x8e\
\x9a4i\xd2\xe6\x13'N\x88\xb6N&H/^S\
zz:\x97\x88O3)YF\x05\x93e\xadq\x83\
\x1cB\xfb,\x82\xfd\xd5\x81\xed\xb4\xa9\xc1\xccUUU\
\xe5l\xa0\xaf$Y\x11\x1e\x98\x1ey\xe4\x91\x9e\xa0\xb9\
%\x86\x85\x85i\x14\x00\x12\x9b:uj\xa7\x97_~\
\xf9\x0c\x9a\x86\x8c\xde\xcc\x15\x08C\xbc\xcdY\x82\x99G\
l\xb3\x12r\x08\xb6vJ\xf0S\xc8\xa4$\x22\x0d\x02\
f\x00\x0e\x0eI\x98\x91<E\x9b\xd2N\xe5\xe5\xe5\xd9\
`a\xff\x0f\xe8\x18>\xdc\x89\x12\x13\xd3\xe9t\x9dQ\
\xea\xb0c\xa7)3\x88\x16T\xe7\xdc\xdf~\xfb\xadx\
\xf3\xe6\xcdC{\xf6\xec\xa9\xc8\x85\x09&'\x11\x003\
\x9aI.E&\xaeB*\xa9\x0b$\xaa\xc0m\xdb\xb6\
\x05\x02\x87U\xbc\xba98\xdc{\xef\xbd]\xbbu\xeb\
\x16\x01 \xb5\x09\x18\x89|S\x15c[\x03\x88\xa9\xa0\
\xcd\x95\xfb\xb0u\x05\xf5\x7f\xc0\x07\x1f|p-\xe7\xf6\
\xbe\xdc,</\xe9_\xfe\xf2\x97n7\xddtS{\
h\xd7W\x87\x0f\x1f\xd6\xcb$\xb7\x1a\x01@\xb9)C\
q@\x00\xfc\xd64w\xee\xdc\x88\x97^z\xc9+\xb7\
4\x90V\xc2@j\x9f<h\xd0 {vv\xb6\x98\
E\xc7\xc1\xa4D\xba\xde\xaae\x0e\x5c\x8f\xa7pm\x92\
\xed\xd5\xe1\xa1\xedQ<<\xb4\x08B\x83I-\x12&\
\x82\xb6\xd8WJdC\xcc\xbb\xcen\xbeh\xd1\xa2\x0a\
`R\xd5_|\xf1E\xb2\x92\xe7\xf0\xb5\x8f}\x0fa\
\xf5\xc3\x99\x95\x90\x0b\x99O\x0e\x9a\x94\xe8\x90\xd7\xa9\x10\
,\xe9p\x92\x12\x89\xd0\x99\x83\xb9)\x1b&\xa9_u\
6+P\xbf\xa2F\x8c\x18\x11\xadT\xb2\x04\x95\x91\x83\
\xe5o8\x11%X?_0\xe1\x5c\x8c\x16\xec\x05e\
\xd8\xe9lltdff\xa6\x15$)\xc7\xee\xdd\xbb\
G\xb5k\xd7\xcecI\xb3o\xdf\xbe!0Aq0\
\xc1\xb4(\x15\x87\x8e\x81D\xe331`\xd8\xb0aQ\
;w\xee\x9c\x0c\x00\xe8\x02.I'\xea6aC\xe9\
\x99t\xd8V\x17\x86\x0a 3\x12@\xa6\x9f\xa7\x12\x99\
\x87\xb6\xdf\xe0\xed\xdb\xb7\xdf\x08\x8c\xc6\x08\xedc\x020\
\x94\xf8\xca\xe64n\xdc\xb8\xa0W_}\xd5'\x12 \
0\x0e\xe3\x9a5k\xc6_w\xddu\xe5\xa09\x88\x87\
r\x0ea\xa3{k\xc7*\xc15y\x0a7\xa6E\x01\
\xc8\x89\xaef$YF1)\xf1\xaeK\x05\x80\xe9\xc2\
\xber\xb0L\x17\xfaJ\x12f(2o'\x081\xc6\
\xaf\xbe\xfa\xaa\xfd\x0d7\xdc\xe0q\xc2\x10\xd0\xfc\xc4P\
N\xaf\x22}\x10\xe4I\x224\x0b\xea\xb3C!`\xda\
\xb0.\xf2\xc4(\xc5R\xcb\x1a\xb0Y\x8a\xe0i\xc0\x01\
\x0a\x1f;vl'P\xdd\x14q\x81\x85\x0b\x17\x9e\x00\
5\xf4\x18.\xb6S\xb8\xf0\x8a\xb0Q58I\xc4)\
\x08,\x8a\x108\xb98|\x0a@3\xe3\xbe\xfb\xee;\
\xe8\xc5\x06\x8dc\xd2\xe9\xb2Q-\x81\xfeW^ye\
\x04\xa8\xc17p\xf3\x1c\xda%)\x8f!\x95h|?\
i\xda\xb4i\xd7\x00\xc8\xb4(X\x12EGG\x07\x82\
\xf40&55u\x10\xab\x1f5\xe5\xceix\xb3\xf4\
\xfa\xeb\xaf\x83B\xe1;O\x92k\xae\xb9\xa6\xed\xfc\xf9\
\xf3\x87 s\x89\x16\xec\xc3Z\x1f\x81\x88\x98P\xd6\xd3\
R\x22+\xf4>\xa9\xf6j\xf2!u\x09&\x03:\x9c\
\xccB\x00\xa5l`\x94J\xb1\x10\x84\x982%\x0f\xe1\
\xa1\xcc\xccGN\xeb\x18\xe9d$\xacbRBbJ\
J\xecI\x11\x938k\x85yo\xd0\xfbB#\xb3\x9d\
\x19Ie\x18>|x\x9c\x92\xce\xec\xdf\xbf\xbfz\xf1\
\xe2\xc5\xe9L\xca\x8dW!\x13\x97\xe5y\x09\xc56P\
4\x00\xff]!l\xe0\xd3\x1b7n,U\xd2\x0e\xcc\
\xcdy\xde\xbfOM\x99Q&N\x9c\x18\x0f\xaa\xf0\x10\
\x04\xc6xa\xc3G!\x00$\x0e\x1e<\xb8\xef\xdbo\
\xbf=\xd8[{\xa5'd2\x99t\xef\xbe\xfbn*\
\xa8\xeaI\x02\x98S\x0c\xb0\xde\x9bd\x11\xbe\x04K\xa2\
\xfb\xef\xbf?Y\xaf\xd7\xb7g\x92\xbb\x98\x81\xf9\xe0\xf4\
UH\xc0`d\x92\xaf\xa8'\x856b\xb8\xd0.\xad\
\xccv\xad&\x12\xb5\x1c\x0bJW$i\x89`\xcf\xf3\
a\x96+][r\xb0\xf4\x22\x96>\x00\xc7\x96l\xfc\
\xdct\x98\x8c\xa5\x97\x9b%Y(\x5c@\xa0d\xc6!\
\xac\x89PS\x9d\xd0\x001\xc4.\xb8G\x8f\x1e\x8aN\
\xab\x97-[V\xc0$'h\x0d\x93\x229(\x00\x9f\
\xab\xc7Z\xb4k\xd1\xe7\xe1\xf89\x11-z\xdb\xa2E\
\x8b\xf2\x9a;\x99n\x88\xa0\xfdALr\xdf\xd0\xab-\
\x95\xd4\xf3\xcf?\xdfo\xed\xda\xb5\x19\xb9\xb9\xb9\xe43\
j\xc0\xcd\x95\x00\xe0\xd2i\xd5\xaaU#`\x91\xb5\xba\
so\xd7\xae]C\x96,Y2b\xd6\xacY\xe4O\
Z\x88\xf3\xa7\xf12\xbb\x8e\xcf\x89\xfb\xf8\xdd{\xef\xbd\
\xbd\xdfz\xeb\xad\xb3\xb8\x86\xac\xbe\xb0c\xe2\xba\xa4(\
7\x07\xd6\xed\xa9\x0dS\xbc\x09\x95.\xf1\xb31u;\
m7k\xad\x08\x0b\x0bS\xd4\xf6\xea\xeaj\xf1r1\
\xaf\xe6\xa7C\x87\x0e\xda\x82\x82\x82.\xa0\x09p\xc6\xee\
Rxx\xe6\x22\xf5\x9ek\x14'N\x9c\xc8\x1d4h\
\xd0\xff\x09Z\x81\xb6!\x13\x8c\xdc\x86I\xbe\x7fz%\
\xd9\x88\xacV\xabk\xf5\xea\xd5\x95L:\xb8\xa8EN\
\xcbp\xd1q\xa9%\x9aN\xac\xf1 &\x1a\x17&\x13\
\x8c\xac&|?d\xc7\x8e\x1d\x0eP\xcf\x1dIII\
\x1eMT\x97.]\x02Q\x95t2\x15\xfa|\xc1\xc2\
\xd3\xcd\x9b7\xaf\xffc\x8f=\x96\x87\x9b\x8a\x18GG\
\x90>\x07p\xe0\xbaPm\x9b9sf\xa7O>\xf9\
\xa4\xd7\xd6\xad[+\x85\xb7U\x99\x01j\xd4\xa8Q\x89\
\x00\x98$\xc9\x99Y\xfd[\x08\x95\x02\xa6\x16\xa5VZ\
\xb7\x9e\x9e\x92\x13\xa8\x92JO\xfe\xaeeL\x1d\xf7\xd7\
\xc8I\xccSi\x12l\xafzA\x98\xe1\xaf!\xdd\xbb\
w\x0fS\xf2\x80\xca\xcaJ\xbbP\xafh\x8bT\xa4\xad\
DGG\xfb\x94y\x07\x05\x05\x85!\xe6D\x08\x9a\x8a\
\xb5)\xc0\x14\xb3\xdb\x04r\x9b\x96\xa7\x0f=|\xf8\xb0\
\xd3b\xb1\x10X2\x813\x93$Y\x17^\xc7S\xd2\
\xd7\xad\xaa\xdf\x81S\xfc.\x19\x9bI\xda\xe2\x9f\x05\xff\
\xf2\xcb/\x1e\x03fhh\xa8\x06\x8a\x01&\xca\xa1V\
\x8e>c\xc6\x8c\xceO=\xf5T{`4\x16R\xdf\
\x02\x03\x03\xe3\xe7\xce\x9d\x9b\xa2\xb4\xce\xf5\xeb\xd7W~\
\xf7\xddw\xe5\xfc\xe0\x0d\xd4z\x13\x80_\x18,\x06\x8f\
V&\xcf\x9e\xff\xe0\x83\x0f\xf6\x01\xc0<\xcd\xa4Sh\
U\xc6\x00\x0f\x192$J0\xbdx}\xa0\xc0)9\
9Y\xb7y\xf3\xe6N\xb01\x13\xb8o\x1f\xfa&\xba\
\xad?\xe2w\xcf\xfb\xf6\xed\xde\xbd\xfb\xd8\xfc\xf9\xf37\
\xe2&\xa4\xd3|\xb5\xac\xc9\x00ao\x12\x93\x88\x14\x00\
\xd3\x84\x02\x0d\xd7|\xa2'L\x98\xa0(\x07.\x8f:\
\x13\xd6\x92\xea\xcc\x12\x98\xcc9T\x00K\xca\xf2\xe5j\
\x0c0\xeb\x11\xf7\xd5\xf3\xf4\xa1qqq\x9a\x8d\x1b7\
\xf2\x9b#c\xd0\xa9\xd4\x81w\x83\xf0\x7f4\x9cs\x03\
X\xea\xae\xb8\xe2\x8a:\xc0\xec\xdb\xb7\xaf\x1e\xbe\x9f\xa4\
\xd3\xe9\x12\xd1i\xd6A6$\x8c\xc8\xd1rP\x05\xf5\
Z\x91\x0fexx\xb8\x06\x00\xd3\xa7\x0b3//\xcf\
\x0e\x12o-?\x10\xeb\xd5\xab\x97\x016\x84bU\x9f\
G\x0a\xddu\xd7])\xef\xbe\xfb.\xcf\xc6\xc3\xc3%\
C\xee\xbe\xfb\xee\xbe\x89\x89\x89F\x05\x13\xce@=\xcd\
Y\xb1b\xc5\x19d<\x0e\xf8\xdb\x04u\xc7|\xf1\xc5\
\x17\x9d\xdb\xb5k\xe7\x11\xd8\x8d\x1e=:\x1a\xe63>\
77\x97\x12^\xf0{gT'\xa9sW\xab\x10\xa0\
\xaa\xaa*\xa3\xaf\xa4\xe0\xc8\xc8\xc8\x80\xf1\xe3\xc7\x1b\x04\
\x93\x8eW\x94\x93\x93S\x83\xf66\xb2\x11\xaa\x86\x81\xa3\
\xa9*R\xd0\xf2\xa2X\xfd\x98\xefP\x04\xd3\xc4G\x1f\
}\xb4\x17\xec]E\x97\x95\x81\xcak\x16\xfaod*\
K\x9e\x82\xe3\x10\xc8\x1aI\x1c\xdc,`\x1a\x0c\x06\x8f\
\x81\xa0}\xfb\xf6\x01P\xdc^d\xb1\xb1\xb1\x9a\x9bn\
\xba\xa9\xc5n\x8b\xe3~\x86\xbe\xaa\x0b$g\xd7C\x0f\
=\x94\xc1\x1d\xbdap9\xa7\xd4\x02\x08\x85\xc3\xff\xfb\
\x8e\x1b7NqtRjjj\x1c\x80Z\x02\xa9\xe5\
\x00T\xed\x95\xd4\x03\xed\xa8\x04\x80\xa4\x08\x05:\xc9\xb4\
\xed\xdb\xb7O\xf3\xdcs\xcf\x85\xbf\xf9\xe6\x9bQ\x9e\xd4\
\xc7\xe7\x7f\xce\x9c9=\x17.\x5cX\x8c\x8b\x87\xdb\x9e\
uL\x85\x04\x0c&4--M/\x93\xe0TC\xa8\
Q\x85\xa2$g\x13T\xf2\x00\x15\x00\x05\x93\x99\x1f\xc8\
}\x8a$L#0\xa5\xd8\xe7\x9f\x7f>\x19\x98y\xb4\
\xd2\xe7\xec\xdc\xb9\xf3\x1c\x93\xdc\x7f\xb4L}\x07_n\
\xcd\x85\xae){$HQ\x1eM\xe8\xc9\x93'\x9d\xdb\
\xb6m\xab\x0b)\x03\xa9\x91\x87Z\xd9I\xc2\xe4\x86t\
(:\xbex@U4\xf4\xee\xdd[\x9b\x95\x95\xe5\x04\
\xb5\xcf\xcaok\xe3\xdf\xc5\xc8\x1f\x920\xf9w\xf5\x5c\
\xc2\xbc\xfa\xea\xab\x0d\xfd\xfa\xf5\xf3x\x13\x80t\xe9\xf4\
\x15X\x8e\x193\xe6WP\xad\x8e\xb3\xdf\xdd+\xb8M\
K\x03\xd2&WQJ\x00\xf0\xae\x9d5k\x96\xa2\xc5\
4p\xe0\xc00\xe4\xea<\xf2C\x0f\x00\xea1\xf8r\
\xe9\x12\x80Mt\xb2\xad\xb7 \x97/_^\xfe\xaf\x7f\
\xfd+\x0a@\xd0\xa3zo\xb8\xe1\x86\x18\xa87\x82I\
v`\xaf7\xf8\xa1C\x87j>\xfa\xe8\xa3\xc2\xbd{\
\xf7\x9aA\x825\x8c\x1d;\x96\xc7\x94\xb7\xf1&\xea\x05\
6t\x88\x00\x98\xaa#\xb4\x89\x92\xed\x92\xda\xa8\x0aP\
\xe7\x91;{\xf6\xec\xe1\x97\x18v\x22\x8dP\xb41&\
$$\x18\xa2\xa3\xa3\xbdb\x94\x05\x05\x05\xb5?\xfe\xf8\
#\xed\x1b\xca\x89yQ\xa6\xe7\xd35\x01\x12\x0eO\xfd\
0+**\x5c\x7f\xfe\xf3\x9f\xf9\xa9*]\xb9if\
\x92\xe1\xf4\xbc\x0ds\xe9\xd2\xa5\x9d\x000\x83y,\xf9\
\xec\xd9\xb3O\x0b\xdf\x17m\x98\x94\xcd&j\xdd\xbau\
\xed\x95\x00\xa6\xd9l\x16\x8d\xd7\x8ai\xd5\xaaU\xf9\x08\
\x96\xfc\x169\xae\xf2\x96b\x9d\xb1\x5c\xda\x9c7o\x9e\
q\xd2\xa4I\xa3A\x95\xf3X\xd5\xea\xd6\xad\x9b\x1eT\
\xf3(XT5W]uU0,N\x8f\xeb\x80\xb6\
9\xe0\xf7\x942\xcd\x81\xe3\xe7\xc417\x01\xa0\x1a\xf2\
\xf3\xf3\x9d \x89y4\x86={\xf6\x0c\x86M\xc3%\
K~x\xc7M$^m\x9c\xcf>\xfb\xac\x0c\xc0q\
\x7fuu5e\xae\xd1\x7f\xf8\xe1\x87\x91\xdf|\xf3M\
\x0aH\xc7\x9d\x95\xd6\x1b\x14\x14\xa4U\x1b\x105\xa0\xee\
\xa9\xf2Z\x06\x10V\xd8\xa0A\x83Z\x94\xd1l\xda\xb4\
\x89K\x97t\xfal\x11\xd6\xe9E\x0d\x98\xe2\xb1\x7f-\
\xdf\xc0\xe8l\xea6\xa5\xa4\xa4p\xb7\x83\xaa\xf2\xf2r\
\x0e~\x94Q\xa6R\x10\xf7;\xe2$q{N\xb0\x10\
\x1aIaYf\xfcn(\xaa\x09\x9c\xe3\x19A\xc2\xf4\
x\x13\x94\x95\x959\xab\xaa\xaa(a\xae\xe2\x85\x0aR\
\xae\xeb\xc5\x17_<\xca\xa4\xa8\x8fS\xa8\xf2j\xd1\xee\
\xa8\x07`\x8e\x04)3\xe7\xf1\xc7\x1f\xef\xe0\xb1\x1e\x00\
\x5c\xbc{\xf7\xee\xe1|\xbc{\xf4\xe8\xa1\xc8<\x91\x9c\
\x9c\xac\xd9\xbf\x7f\x7f4\xd4\xd5\x96\x12\x090\xcc\x10O\
\xf7]+9U\xe4&\x8d^\xbdzE\x1d>|\xd8\
\x86\x1b_1`\x96\x94\x948@\x0a\xff\x0d\xc02\x1d\
\xc7\xd2\x8c\x80\x1e\xbbr\xe5J\xe7\xb4i\xd3\xda\x8e\x1b\
7.\xcc\x0b@\x22\xb0T\xed!\xdf\xe5H\xfcJ\xe0\
\xc5\x8b\x17\x1fd\x92_\xb6\x0d\xb1\xe0\xa2\x970\xe9*\
\x85\xba\x93\xac\xcc\xccL\x0b\xcf2\xe2Ie<\x22\xe5\
\xee\xbb\xef6\xc1\x00Q\xe4@.\x932\xf2\x90\x0d-\
\x14\x81\x92bv\x0b\x11,3Prc\xf8\xdd:\x97\
#\xd8D\x06\xeew\xe5i\xc7\xf8\xc1\x0c\x93B\x0f\x15\
s\xd0s\xe7\xce\xd9\xb2\xb2\xb2\x8a\x99\x14\x09A\x19g\
\xc8\xa3\x80K\xc2E?\xff\xfc3\xefg\x07%\xcf\x00\
\xc9\xb4\xee\xca\x87\xb6m\xdb*:\xb4\x000\x0c@\xc9\
\xd4\xe7@\x01\xcc*\x02\x00\xd3\x8c\xc0\xa4x\x1c\xb9}\
\x15\x98\xd8Yd8\x19\x02`\xd6\xd9n7n\xdc\x98\
\xe3\x05`\xd2\x5ch\x99?\x13\xbb\xaa\xe8\xe3\x8f?>\
{\xf0\xe0AJqX\x22\xcc\x91\xaa$L\x142\xc4\
[\x0a\x1al\x1fI\x1db(\x18\x97\xca*A]V\
\x14a\xf3\xc0\x03\x0fD\x81\x04\x19(p\xfb*&%\
\x90\xad3\xfaB\xe3\x1c\x08\x98\x14\x96efRtA\
\x95 %\xe8\x1f}\xf4\xd1vJ\xda\x91\x96\x96fa\
\xc2\xf5\x12\x9e\xb8\x85\x88\x94\x9d\x9dMW+P\x8e<\
\xcaP^\xc9\xa4L\xe2U0^%J'\xabM\x9b\
6u}\x05\x89^u\x92QRR\xd2\xf9\xfb\x99\xbd\
\x910\x01t)a1%L\xa0\xd7\xbaD\x070_\
%~x\xb9\xb4(??\xbf\x16\xf6\xefN\xd4(r\
\x05\x13\x9dMmmE\xe1\x8d\x12m7z\xdf\x95F\
\xa6\x92\xd3\x95\x0c\x15\xdf~\xfb\xed9%\x0f\x06\xb5\xd2\
\xb0`\xc1\x02\xeeG\x18\xcd$G\xd0z\xb7\xc5\xc9b\
\xc9\xc5\xb6\x04\xe3\xf7\xebbCg\xcc\x98\xd1m\xe4\xc8\
\x91&%\xed\xd8\xb9s'\x85eVx\x03\x98EE\
E\xe2Ef\x8eF\x0a\x97B-J'\x0b$\xcb\xba\
K\xcd\x000\xd5\xa7\x82\xe8t\x94\x22\xcf\xab\xd0\xc8\x13\
'N\x143)\xe2E|\xe5\xa5\xaa\xb4\xb4\xd4|\xa9\
\x02\x07\xe6i\xa4l\xeb\x97E\xa6u\x9e\xb4z\xe6\xcc\
\x99;\xf3\xf2\xf2N0)\x0b\x12\x05\x00\xa8\xee2;\
~H\x8d\x02[%\x93\xee\xbar5\xa7\x92S(\x97\
\x19\x00\xf3Lyy\xb9CI(\xd4\x93O>\xd9q\
\xdf\xbe}Wl\xde\xbc\x99\x0e|\x0a\x99\x94*\xca(\
\xa4Z\xe3@AA\xf4Q\xd8\x06\x0e\x96\x9d\xfb\xf7\xef\
\x9f\xb2d\xc9\x92\x9e\x0aU4\xb6e\xcb\x16\xb2\x93q\
\x0aV\x0a\x98\x98-I\xc3$\xff,z\xa5+a\xeb\
\xc0\xc4\x9b\xbc\xa1<\x89+\xa7\xea\xeaj\xd5-|\xbd\
^O\xcc\xd4\xa14A+\xa7\xaa\xaa*\xd2^\xeaI\
\xfe\xf87O\xc8b\xbfT\xc1\x03\xbd?H\xb2r\xb2\
K\xfc\xf6K\xab\xd5\xea\xfc\xd3\x9f\xfe\xf4\xcb\xd6\xad[\
\x7fe\xbf\x9feP\x0a6\x8a\xe2\xf3\x8arssy\
\xfd\xc5\xb06+`l-P\xf8\xfa\xf14\xc9\xb3\x0b\
\xe7\xa6\x16\xea\xb1\xc0\xfa\xccAI\xb8L\x00u\xd6\x1c\
`\xd2\x9d/e\x0e\x87\xa3\x0c@3\x7f\xca\x94)\xf1\
\x9ev\x88\xdb2W\xaf^}\xe5\xf4\xe9\xd3\xf9\x09\x99\
Q\x06\x86\xe1\x04\x98\xe8]\xcf\x070\x9eI\x99f\x22\
\x07\x0e\x1c\xd8s\xfd\xfa\xf5\x03\x95\xc6\xad\xee\xdd\xbb\xb7\
\xfc\xec\xd9\xb3dd\xa6h\x05E\x80\xd9\xa1C\x07\xf1\
vC\xbaD\xed|\x9eM\x04{\x13\x00\xa6\xe2\x1b5\
KJJ\xea$X\x90fUw\xcd\x82\xd1h\xa4K\
\xdd\x98\x97\x9b\x5c\xbc\x90\xcd\xc6\xa4\xab~\xd9\xa5\x0e \
\xb0\x1f\xaa\x99\x94\xc0BLDs\xc9]Q\x91\x9d\x9d\
m\x9f5k\xd6\xe1o\xbe\xf9f?J\x96\x94\xeb\x96\
\xec\xfe^\xcf3\x97^\xbf\xfc\xf2K\xd1\xa4S\xc6<\
K \xec\x10\xd6$\xado1\xd3z\xa3u\xe9d\x88\
+\xde\xd2W\xb8j\xd5\xaa\x13J\x00\x93Sxx\xb8\
v\xdd\xbau\xfd_y\xe5\x95\xa8\xe7\x9e{\xee\x18t\
\xb2\x16ma\xd1\xdc\xbf\xb2\xae\xb5\xf5cvc\x81C\
h\xf9\x15\x13\xf0\xfdn&\x93I\xb1\xfa\xb7v\xed\xda\
3L:\x95\xe3@\x1c\xa9\xd4\xcf\x8fK\x98}\xfa\xf4\
\x89=x\xf0`,\xb6\x95\xee\x0a\xa2\xcb\xd5x\x89N\
MM\x8d\xf5\x0209x\xd4\x16\x16\x16\xba{\x05p\
=\x82\xf1d\xd0>\x17rYWC\xa1|xZ\x1e\
@\x05\xa5{\xfe]\x97\x10\xfe\xe7\xc4SvF\xef\x99\
\xcdf\xba|\x8c_\xb4\xa6\xf8n'\xb2[\xcb@\xd2\
\xd3\x84\xbc\xadB\xdc?x\xe5\xca\x95\x95\xdc?\x18\xaf\
n\xb0\xd3\xd8x\xd0_>\xb6v\x0e\x96\x87\x0e\x1d\x12\
=\x03\xd8\xa5\xaa\x96\xc3\xfau\xf6\xed\xdb\xf7\x14\xac\xe7\
\xb3\xa8\x82\x8b\x19\xd1+Q\xb8\xf0\x85\x89\x83a\x9d|\
m\xe60)\xc1\xb3\xa7\xb6Q\x07\xfb\xe3\xed\xb0L\xd0\
(\xff\xc0\xc8\xe5F|\xbb\x80\xb6E\x1b6l8r\
\xe0\xc0\x81~0\x08\x8aN/y\xd8 W\xcfo\xbf\
\xfd\xf6\xb8\xb7\xdf~\xbb\xe8\xbd\xf7\xde\xb3\x80\x14e\xa0\
\x10;\x940\xa3BCC\x83f\xcc\x98\x11<{\xf6\
\xechx\x96W\x19\xb9A\x5c\xafY\xbat\xe9!\x81\
[\x84\xe3@*\xe2\xe6<\xaez\xe1\xc2\x85\xc9\xb7\xde\
z+9\xde2&%y\xe0\x92s\xc7\xf8\xf8\xf8\x04\
\x90\xa6\x15\x03&\x8c\x09\x97@,\x05\x05\x05.\xa6 \
\x1c\x8f\xfb\xd2=\xf8\xe0\x83\xd6\x9f~\xfa\x89/J\x0a\
e\xac\x12\x16\x10ok\x08\x93\xae\xe75r\x1f[\x8b\
\xc5B\xe9\xf4\xe8\xc0M\x94\x82\xac\xc2\x22\xac\xeb+\x8c\
E\x1c\xbb\x0c\x88KIO=\xf5T\x16\xab\xef\x15\xe1\
\x89\xfdQL\x1cl\xc6\x8d\x9d\x8b\xf5\x04_\xaa\xb6L\
\xee\xba6q\xe2\xc4\xa0\x15+V\x88\xd7:\xd3\xa1\xa9\
\xa3\x85\x98\x85x\xbe\xc0\x14<\x83\xcclb\xb2!\xf2\
\xb8\xa0\x1b^\x9d\x8d\x01\xa6\x93IY\x8c\xeb\x16\x0b,\
\x9c\xdf>\xff\xfc\xf3a\xde\xf4()))\xf0\xa5\x97\
^\x8a\x7f\xe1\x85\x17XFF\x86\x83\xdf\xcf\xc2\xdf\xef\
\xd7\xaf\x9f\x1e\x009>99Y\x8b\xb62\xaf\xe9\xb5\
\xd7^K\xab\xaa\xaa\xe2\xe0V\x80\x9d\xe5\x15+>\xf4\
\xe14y\xf2\xe4H\x00\xfd+\xff\xfb\xdf\xff2\x04\x1c\
R/\xda\x04\x05\x05u\x04f\xd0_i\xb2e\x1eQ\
\x05\x12\x08?\x10\xe1\xd1\x10V`\x22\xe1JrG\xfe\
\xf3\x9f\xff\x0c\x1c5j\x14\xfc\xdcq\xfe\xe0\x8eI\x89\
O\xc8\xdc\xc1\xc1\xd8v\xddu\xd7\xf1\x8c\xe5\xc6\xd7_\
\x7f\x9d\x8f\x17}\x9f\x92\xc7\x16\xca\x00\x97l\xcf\x9cy\
X/\x07\xc0\xc4\x8c\xeb|\x1c\xb8\x0bT&\x93\xaem\
p2\xcf\xd3\xbbY\x05F\xe4\xf0\x81iC\xd5\xf4\xf2\
\xcb/\xb7\x03\xbc\x08*--\xa5\x0c\xeb\x14\xddT\xe3\
\xabg`8g\x08\x9a\xf8l\x08vV\xe6\xdd\x9d>\
\xe2\x5c\x15\xe1^`\xc2\xfb\x0d\x02&oI\xb5\xf0\xa3\
\xdcM\x9b6\x1d\xde\xbe}{\xca\xc8\x91#\xbd>\xc2\
\xe5@\xd0\xa3G\x8f\xf3h\x10\x13\x13\x13\x00\xc5g\xae\
4\xe9\xe9\xe9U\x8b\x16-\xfa\x85I\xd7\xc6r\x8a\xf0\
\x96\xab\x81\x04\x17\xf0\xe1\x87\x1f\xf6\xbc\xf2\xca+M\xaf\
\xbc\xf2JFqq1w+\xd2\x0c\x1e<\xb8\xdd\x9b\
o\xbe\x99\xdc\xbf\x7f\xff`\xa5u\xff\xf6\xdbo\xd6\xda\
\xdaZ\x0e\x985\x5c\xfa\x06\xd5\x9aG5y\xec\xc0\x9e\
\x9a\x9a\xaa]\xbbvm\x9bi\xd3\xa6U\xd6\xd4\xd4\xd0\
\x22u\x0a\x12\xa6622R\xff\xf4\xd3O\x87=\xf0\
\xc0\x03\xc1\x9cA\xbd\xfa\xea\xabA!!!\x11\xcf>\
\xfbl\xb6\xa0Y\xe4\xca\xa4*\xde\x16.YF\x02\x90\
\xd8.\x13\xc0\xa4\xeb9\xb8jy\x92\xfd\xf1\x8a\x0a%\
\xa0I\xe1\xa5&5\xd9ly\xd8\xef\x82\x05\x0b\xcc\xfc\
\xe0\x84\x1f\x80\xa0\xf9F7d\xc8\x90\xf0)S\xa6x\
\xbc\xaecccu\xc0\x88\xaf\x985k\xd6i&\xdd\
F\x1a\x220_\xaf\xf7;\xbf\x92y\xd8\xb0a\xed`\
_\x86\xf0\x9bm\xa1X\xc5CC\x857|\xf2\xe4?\
6\x10\xe6\xcaA\xa8;\x0e\xfb\x92\xae\xd4\x11\xef\x8cj\
04\xd2\x81\x12\x06m\x9e\xa8'\x9ex\xe2\x7f \xfd\
\x8co\xcd\xec\xdfJ\xe8\xef\x7f\xff\xfb\xaf0\xd9g\x99\
t*\xa7g\xde\xdd&WO5\x7f\xfc\xf1\xc7\xdb?\
\xfa\xe8\xa3\xf1\xf9\xf9\xf9v.Qzs\xf5(\xd1\xcf\
?\xff\x5c&H\xc3!?\xfc\xf0C1\x00\xa6\xa2\x04\
\x1c\x93&M2\x9c>}\xba\xf3\xb2e\xcbJ\xf7\xec\
\xd9S\xc6\xef\xf4\xe6\xe1\x9a\xdd\xbbw7M\x980\xa1\
\xcd\xf8\xf1\xe3Cx\x06'\xd9\x98E\x86\x86\x86vy\
\xec\xb1\xc7\xf2\x11\x1c\x99\xc0i\xe9\x86?\xbe\xe8\xad\x97\
\xf2I\xb6\xdc\xfe\x88{\xa0\x94I\xb9,\xc9\xf5\xf2A\
M\x00\x00\x0d5IDATT\xe1\xae\xa6\x22\xaa\xa0\
tH\xa8\xba\x08\x17`\xae\xae7\xdex\xe3\x8c`\xc2\
\xe2\xed\x0d\xf9\xe8\xa3\x8f\xe2\xc7\x8d\x1b\xd7\xdf\xd3\xd4\x80\
\x9cf\xcc\x98\x11\xff\xde{\xefu\xdb\xbd{w\x0e\x93\
\xdc\x89l\xccGa\xab\xf1\xf1\xf1\x9a\xef\xbf\xff>\x0e\
\x19\xb9\xcfi\xe9\xd2\xa5{\xe6\xcc\x99C\x8e\xf6\xa5L\
\xf2)o\x100Egr\xfe\xa36\xb0\xa9\xd3\x96,\
Y\xd2\xf5\x91G\x1e\xe9\xa1\xd6E\xbea\xc3\x86s\xa0\
2\xff\x82\xa24\x9d\x9c\xf9<f\x953\x0d\x980\x9f\
\xc5\xde\xae_\xbf\x9e.\xd9\xe2\xe3\x1d\x0a\x92l\x18L\
V\xbcR\xe6\xd4\xae];-H\x8ct\xbf\x89[\xf4\
\xd7\xbf\xfe\xb5=l\x8cA\x0f>\xf8 \xa9\xf2\xf2\x8b\
\xa5.\xe9S\xecF\xf6\x80M\xb0\xc3\xd1\xb5)\x0e\xe1\
s\x8f\x97N\x0b\xd9\xf0|\xd1W\x0ej\x14\xca\xcc\xfb\
\x1d\x91\x9b\x9bk\xfd\xf4\xd3O;\x00\xf8\xc5(\xd9#\
\x80\x17W\x0f\x180 \x13\x04\x98R&\x9db\xfb\x0c\
4[\x92\xaa\xab\xab\xb9\xad\xbf\x0d\x93n\xb8<\x9f}\
]\xd3\x84*Q\x8av\x9c\xba\x18\xea\xb9s\xe7n\xdb\
\xb2eK\x9e\x1a;\xb8\x7f\xff~\xf3\x9dw\xde\xb9\x95\
\xfd\xee\xc2 \xda\xe1Tm\x5c\xe7\xeeO\xc0)\x8fa\
\x9by\xdb\xb3\xe0\xbd\x13_|\xf1EAk\xb7\x05@\
:\xf1\xed\xb7\xdf\x1e\xc9~\xbf#\x85\xa7\x9b\xe3\x87X\
\xa1\xac~\xc0\xc1\xe5\x16vH\xcc\xc2\xce\xa4[\x1e\x95\
\xda\xc2\x9d\xac\xe5\x0e>\xbc\x91\xa6\x19\x02\x1a\x85\xad\xf2\
\x13}\x9eh&\xe3\x95W^9\xe4p8\x14\xf5\x17\
\xb4$\x13hc\x83p-\xc53\xe9B=\x9f\x5c\x84\
\xd6\x92\x84\xe9\xf88X\x8a\xc9\x84YS\x80\xe9B\xfd\
\xbd\x14\xd5\x11>\x90'o\xbb\xed\xb6-G\x8e\x1c\xa9\
PS\xe7xr\xd6)S\xa6|m\xb1X\xd2\xb1\x9d\
b\x08\x96\xaa7\xf8\xf2\xe5\xcb\x8fb{\xcf0\xe9f\
\xbe3O?\xfd\xf4\xcf6\x9b\xad\xd5}\xf4\xee\xbb\xef\
\xbeN+W\xae\x1c\xcd~\xbf\x10\x8a\x03f\x04\xf3\xd1\
M\x8c\x17)9U*\x15\xfaZ\xc2\x145J\xba5\
2\x0b\xf6z\xc6\xd6\xad[\x0b\x95V\xfc\xc4\x13O$\
\xc7\xc5\xc5%\x09\xeb\x89n\xf6T\xb5\x94)\xcbMP\
\xdf4\xd7\xccb\xa9b\xc2\xfd\xcc\x15\x15\x15\xc7\x01\x9c\
\xb6\xe4\xe5\xe5\xa9\xe2\xb4\x94_?q\xc7\x1dwl;\
}\xfa\xf4aV\xff:\xdfr\xb5K\x97\xfb\xf6\xed+\
\xfb\xcf\x7f\xfe\xf3+\x93\xe2l)\xd2 \xfb\xe0\xc1\x83\
\xc7A\xa59~!\xda5}\xfa\xf4\xa4\x0d\x1b6\x8c\
\xd7h4bHk\xdd}Oj\xbb\x04\xed\x22\x05'\
U\x11J\x98\xe2\xad\x91\xe4\x06\xc5\xd7c\xce\xab\xaf\xbe\
zDi\xddm\xda\xb4\xd1-Z\xb4\xe8\x1a\x942\xe9\
:d\x13\xbb8.\x82\xd36\x84\x91\xcdm\x00;J\
\x99E(\x05e\xa4\xa7\xa7\xff6t\xe8\xd0\xcfaS\
\x97_\xc8\xde\x9c9s\xc6:z\xf4\xe8-\xa0\xd2\xfe\
\x0f\xd5\x08\x8aW%\xe9R\xb5.\x1c\xc0x\x1c3f\
\xcc\xd8\xe1t:I\xaa\xcc\xc7\xb6\xe7c?N\x82:\
\xb3}\xe3\xc6\x8d\xb9\x17\xa2}\x09\x09\x09a\x11\x11\x11\
:\xe6O\x93v9I\xd2\xe4ZC\xa0Y\xe7%\xb3\
c\xc7\x8e\xf4\x1f\x7f\xfc\xb1Ti\xc5S\xa7Nm?\
f\xcc\x98\xde\xac\xfe\xb5\xcd\xf5rK\xa8P\xc2l\xf4\
\xfc\xc0\x1d\x89\xc1\xce\xa4\xb0!.\xc5\x1d;y\xf2\xe4\
\xaf\xd7\x5cs\xcd\xda\x0b\xb5\xa1w\xef\xde]\x02\xcf\xff\
l\xcf\x9e=\x04\x96\xa4\x8a\x8b\xfer\xaa\x0c;\x03\x90\
d\xf3\xe7\xcf\xdfw\xf4\xe8QJFL'\x89\xe4<\
N*z\xfa\xb4i\xd3\xbe\x80>\xb6j\x16\x1f\x90.\
\xb3`l?)))\x11O7\xeb\x9c\x83}`\xc3\
t4\x22m\xa9\xd1trY$\xc9h\x008\xc5\xab\
\x81\xf9\x9e\xcf\x01)Q\xb1\x94\xc9\xbdK\xfe\xfd\xef\x7f\
\xf7\xd7j\xb5\x1d\x98d\x1b7\xa9\x190\x9b\xf2\xd9v\
\x070\xc9\x9e)J@i\x16\x8b\xe5\xc8\xa4I\x93>\
{\xe1\x85\x17\x8e\xf0\xd8\xceV\x02\x1b\xd7\x07\x1f|p\
j\xc4\x88\x11ksss\x0f\xb0\xdf3\xa0\x9f\x14\xc0\
\xb2\x9aI\x9e\xff>\xa1\xb4\xb44\x97\xd5\xea\x1b\x0bD\
mm\xadk\xce\x9c9\xbf,]\xbat\xb7\xcc\x84@\
'\xd2\xa5\x82\x09\xe4$<\xf7\xd8\xb0a\xc3>y\xe7\
\x9dw2\xbd\xb8\xf4\xde\xed\xb1]\xbcx\xf1\xb1\xc9\x93\
'\x7fn\xb3\xd92\x11\xc8\xcb\xb0]\xb5\xde\x02\x88\xb0\
\x08\x1d\x8d|\xee\xf4\xa2ny\x1eC\x87\x0f7\x8cC\
\x85\x1b\x9a\xb1?f\xcc\xf2v\x81\x88u\xf1}T\x89\
k\xb3\xe0\xd3O?=v\xe4\xc8\x91J\xa5\x15\xa7\xa4\
\xa4\x84,X\xb0\xa0?\xaa\xe5\x04\x98\xc6\x96^\xd3>\
\x90\xb8\xff\xc0\xcc\xdd\xb5I\x89\xa0I\x87@\x1c\xac\x0e\
-\x5c\xb8ps\xbf~\xfd>\x07\xc9$\x97KO-\
E\xa0\x1a\x14\x0f\x1d:\xf4\xeb{\xee\xb9g\x1dlh\
n\xb3<\x82\xed\xc8\x11\xc0\xd2\xe7\x0b\x1d$<\xe7\xf8\
\xf1\xe3\xad\xfc\xfa\x0do\xea)--\xb5\xddu\xd7]\
?\xbc\xf5\xd6[;P*\xce`\x92\xfb\x93UP\x89\
JE\xc6\x04}M\x9b={\xf6\xc6\x993g\xee\xe2\
Y\xd9[bl\xb7o\xdf^|\xed\xb5\xd7ny\xf8\
\xe1\x87?\xc7q\xcd\xc0y.e\x92\xc3\xb6\xcd\x1b?\
L\xf8\xad\x8d\xd5\xcf\xd6\xe3\x12\x98\x9bW\xbe\xb2<f\
\x9bI\xaeOb\x9d\xde\x00\xa6M\xa8\xd3W;\xbb\xde\
\xad\x06\xdeD\x9f1\xc9M\x87\xe6\xc6+^.c8\
\xb5\x08\x98\xe7\xa5L`\xf2G\xbdy\xc0c\x8f=\xd6\
511\x91K\x98\xe4\xcc\xae\xf1\xb2\xcd-F\x18\xe9\
ekh\x0dyb\xc4\x97K\x9a\x04\x9a\x07A\x0a\xdb\
\x03\x92\xc9\xba\xd4\xd4\xd4o~\xf8\xe1\x07\x9f\xaa\x90\x87\
\x0e\x1d*\x07I\xf6\x07\x90*?\xf9\xe9\xa7\x9f\xbe\xe7\
\xcf\xc3\xe7f\xca$KW\x0b\x0d\x9e\xe3\xbb\xef\xbe+\
\x0655\xfb\xfb\xef\xbf\xafR\x22U\xbe\xf7\xde{\xa7\
z\xf6\xec\x09\x8c\xfa\xd3\x1d\x08Ht\x99\x1a\x8f\xf0\xa9\
\x92\x81\xc5\x1f@\x93\xf7y\xd5\xaaU\xdft\xec\xd8q\
5,\xbc\xfd\x19\x19\x19U\xde\xf6\x8b3\xb7\xbd{\xf7\
\x96\xdet\xd3M\xdbG\x8d\x1a\xf5_`\x0c\xbb\x84\xb1\
\xa58j\xb2\x07\xd7\x1d\x08\xe8t:\xc5\xcf\xc5\xdf\xca\
S\x9cQ\x7f\xad^\xd6M\x12\x11%\x80\xad\x82\xcdX\
\xe9\xcd\x9c3)\x0e\x9a\xdc\x8a|\xb1\xbeD\x95\xb7\x12\
7\xa6R23)\x89\xb5Y\xa9\x84.8\xe9[\x04\
\x90\xb0\xe3\xba<\x1f\x07\xbf|\xf9\xf2}\xd9\xd9\xd9\x8a\
s\xbe\x9aL&-\x80n/A\x15Wm\xd4\x98^\
\xaf\xaf\x11\xd6R\xbd\xc3cO3h\x13\xe7-fR\
P=9\xf5\x16\xee\xda\xb5+\x1fT\xc8\xe3C\x86\x0c\
I\xba\xfb\xee\xbb\x93\xc7\x8d\x1b\x17\x97\x90\x90\xe0q\x98\
_qq\xb1\xed\xeb\xaf\xbf\xce\x07\x908\xbee\xcb\x96\
\xe3L\x8a\xb6\xa0\xb0=\xf2\xc0/\xc7\xc9m1\xc2\xeb\
4JA%)\x19>|\xf8\x11\x90\x12c\xa6O\x9f\
\xde\x01\xa4\xdd\xb6\x8d\xc5\x8fs\xf5\xf6\xc0\x81\x03\x15\xdb\
\xb6m;\xb7b\xc5\x8a\xb4\xc3\x87\x0fg\x0a\xb6\xc9\xf3\
Y\xc6q\xa1:\x1a\x91\x1eJ\xb0o\x14\xebm\x06\x15\
\xbd\xe0\xb5\xd7^\xcb\x86\x12{\xcb-\xb7\xf4\x00&\xd2\
a\xe0\xc0\x81Q}\xfa\xf41Q|~\x93;\xccl\
\xb6s\xfb\xef\xb7\xdf~\x9b\xbdv\xed\xda\x8c\xb3g\xcf\
R[x)\xc0\xd7BA\xb2\xe4d\xa09\x0e\x0c\x0c\
,\xe0\x09;\x84\x8cGnmH\xbe\x99a\x1c\xa9\xde\
*\x01\x88jhc\x02\xe8\xf1\xbak\xf9I\xbc\x87u\
\xbb\xa0n1+N]8'\xbc\x9f_SSc\xf7\
\xa4\xad|}\xa3\xd4c\x11\xa4\xff\x1a\x1fi+\xb4w\
j\xb0\xdeBhW5\xcci0\xaa\xa6n\xf7\x19\xc8\
)\xcc[\x1d\xd9\xedv\xa8\xca\xaa\xf7\xa0\xae\xba\xbe\x02\
C\xaf\xc19\xa7\xbe\xd6\x0a\xc0^\x81\xeb4\xdb\xe1p\
\x84\xae\x5c\xb9r\xef\xbcy\xf3\x86\xd6\xfd\xd8\xfd1=\
\xff,`\xcc\xb1S\xa6L1\xac_\xbf\x9e\xb7\xdb\xca\
3\x98\xf1\xdb\x19<\xac\xab\xc5m\x97\x00\x98tfS\
\xc1\xea\x1f {um*e\xe2\xe6\x99\x8c\xc2Q\xd4\
\xae\xbb\x15\x12\xed\x14u\xb9/{\xf5\xea\x157v\xec\
\xd8\xc4\x94\x94\x94\xc8.]\xba\x84\xc6\xc6\xc6\x1a\x00h\
\xb4AAA\x1a\x9ex\xa2\xba\xba\x9a\xdfxX\x9b\x99\
\x99Y\x95\x9e\x9e^\x06\xea\xe1Y\x90v(\x91g\x89\
\xb0\x99\xe9\xd69\x8aBij!\x07`\xbb\xba@\xe9\
\x03\xe5Z\x90No\x1d<x\xb0\xc7Y\x97V\xaf^\
]\x01 \xf9\x8b`o\xe4\xcf4\x02\xc74\x01\x80\xc6\
\x03\x85A\x09\xe6v\xdc\xfc\xfc\xfc\xea\x9c\x9c\x9cr\x00\
\xcbbx-\x168t\x91\xb0\xc0\xe9\x04\xd2\x9d\x8dH\
\x093\xda40\xc6\x91\xf8\x9e\xc9h4\x86\x0e\x180\
 \x1a(4***8222(,,L\xc7\
\xc7\x96_\x04w\xee\xdc\xb9J\xd0\x02J\x8f\x1e=Z\
\x04\x0b\xbf\x9cI\x19\xcf\xe9\xda\x08\x1a[\x0a\x07\xa4M\
\x13\x80\xcfo\x87\x06{rj\xe7m\x08f\xcd\x9f\xa2\
S\xaeAJf@v\xdb\x02&eA\x8a\x91\xd5\x1d\
\x85u7w\xbf\x11I\x81d\xf3=#\xcc\x0fw\x89\
\xe2\xbe\x7f\x1d=\xa8\x8f\x09\xaa(I\xf7t\x98X\xe0\
#\xd0\xd4b\x7f\xe3\xb0\xbf\x9dq,C=h\x9fE\
XO\xa4\xcdE\x0a{.\xd4\xc3\xbeR\x92\x91\x86\xfa\
\xaa\xc3\xf6\xc5\xe1X\xd2\xa1M8\xf3\xcc5\xa8V`\
\x14\x95\xc2\xdc\x87\xe2\x5c\x19\xdclsK\x12eX2\
\x0b\xc2\x0d/y\xd8n\xa7\x12\x09S\xae^\x90\xc8J\
\xaa\x01\x01\x5c6mh\x90\xccLP\xce\xa7\x15k`\
\xa0\xc5\x9ct\x14\x86f\x16\x00\xd3,\x94JT\xbf}\
a\xe4\xf6D\xc243\xc9\xb1\xbc\xee^\xe5\x8a\x8a\x0a\
\xe3\xa6M\x9b\xce\xdfw#H\x86\xd4\x8f*aL\x08\
\xa0\xc8e\xa3\xd6\xcd\xf6\x93\x01\xde&\x8cK\x11\x01%\
\xbe\x06\x03\xe3\x09\x01\xe9\xde\x80\xe3K95\xb5\xb2\xc5\
Ja~\xd4\x061\x0c\xd2\xd2\x08\x13r\x09&\x02J\
\xfeZ\x8a\x0b\xdd\x1d\x07dZ#\x95\x02\xe3(\x93\xa9\
9eL\xca=hVX\xb7\xc8L\x19\x93\xd2\xd2\x99\
q\x9c\x82\xdd4?\x89\x12 \xe5s,e\xbe;D\
t2)5 \xc3\xf1\x8f\xf0\xa0}N\xd9\x1e\xa1 \
\x12\x02P\x93\x82\xba\xc4\xbe\x9ae}\xa5$$\x1a\x1c\
\x9b2\xdc\x03\xa2\x7f\xae\xa7\xa6\x88*\x010\x8dX\x97\
\x1a\x9c\xd9\xc56\x96\x08Zl\x05k\x22\xbd\x9bRd\
\xae\xc6\x85F\xc0F\x19\xca)\x07c\x880\xc8\xf2\x81\
v\x0a\x80)\xc6\xeeZd\x1b\xbc\xb65\x81Rf\x00\
\xae\x10$\x99B&e\x9e\xd1\x0b\x00\xc5\x84~\xd8\x04\
\xd5\x93\x16I\x15S\xe6L\xef\x12\xecJ\xd5h\x86(\
\x11\x16\x1a\x01\xa5Qh\x93\x18zFv)\xab0\xc6\
V\xd1\xde'\xd8\x15]\x8d\xcco%\x93\x12L\x17\x0a\
\xcfrgm8\x85\xe7\x953)>\x9d>\xaf\x12\xea\
.\x116\x8f\xd6M\x80\xa3\xba\xe9.\x16'\xd6a\x11\
\xc6\xc9\xdd\xfa\x1c2\xa6W\x8a\x7f\xfbj\xcdQ6\xb0\
\x22\x01\xd0\x0d\x1eHk\xf2\xf1$;`\x89\xb0\x16\xf4\
\x0a\xfbjn\xe0,@<\xb7 \xa6-\xae3OH\
<\xa4:\x7f\xc9\xa1\x80\x07j\xf0\xf9\xb5\xc9\x80\xbdR\
n\xf2\xd3\xf9p!\xc8\x81\x93\x8b\xd8A\xb2\x01nl\
pl\xb2\x09\x14\x13\xd8\xda\xd9\x85\xf5\xabt\xc98O\
>\x93r\xfbid\x0b\xd4!\x80O\x8d\xcch\xec\xf4\
Q;\xec\xc2\x02\xd7\xe2\xf8\xeaX\xfd;\x87\xa8mN\
\xd9B \xb5\xa3V\x18W\xa7\x9b\x9b\xab\x02\xe7W\x8f\
\xcf\xd3\xb9\xf9;\x17>\xab1\x86\xe7\x104\x87@\xac\
7\xc0\xcd\x0dd\xc7\x22\x1fcb.:\xac3\xc0C\
@\xb25\xc3D|\x01\x9a5\x0a\x00Cl\x9f\xd8\xdf\
\x00a\x0dh|\xdcW\x17\xb6\xb5XXsJ\x22u\
\xec\x0d\xece\xad\x87\xf3\xdd\x1aj9\x8d\xad\xbd!\xe1\
F\xd7\x02\x8bAtM\xa8\x12&\xb0\xa9\xc1\x11\x07S\
t\x0fQ\x8b\xa3\x16\xdd\xfd!FB\xd8\xb1/\x01\x82\
4Gmv\xb5`\xfb\xc51f\xb8\xf9\xc4vhd\
\xf6i\x97l<\x95&\x90p\x09\x9b+@\xc1o\x9b\
\xfb\xdc.\x8c\xa9\xb7u\x8b\xf5\xd5(\xeckK3a\
\xd1\x14\xe5\x8b\xf6\xb5t_\xc55\x17\xe0E\xbf\x1b:\
oP\x1359\x1e\xba\x16~0mV\xbb\x1b\x83s\
1\x5c\x08\xe5\x10$\x1a\xa7\x8a&\xb8I\xa7\xf0\xd6^\
T*\xab[\xed\xeb\xcau\x11\xf6\xd5u\x19\xcdO\xab\
\x01\xe6E?8\x0dH\x99\x8c]\x00;\xaa\x9f\xfc\xe4\
'u\x90?\xfb\x8c\xfb\x92\xa5\x9f\xfc\xe4'?`^\
\x16@\xa7\x18\xf0\xd4\x1eW\xec'?\xf9\xc9\x0f\x98\xbe\
T\xff\xeb\x8c\xd5J\xe3v\x85\xb8R_\xc7\x15\xfb\xc9\
O~\xf2\x03\xa6j\xc0R\x0cE\xb3h\xb5ZE\xd2\
!\xfc\x8eN\xc6}\x1dW\xec'?\xf9\xc9\x0f\x98\xaa\
!\xd1)\xb7D\xa7\xd3\xd5*\xa9\xc4`0p\xb7\x1d\
\x8aS\xf6U\x5c\xb1\x9f\xfc\xe4\xa7\x8b\x90t\x97p\xdf\
\xb8$H\x91)\xd9\xcf>\xfb\xecg\xa1\xa1\xa1\x09\xb5\
\xb5\xb5!.\x97K\xd7\xd4u\x0b<Y\x04\xbf\xa3X\
\xaf\xd7[\xf2\xf2\xf2N3)\x8e\xdc\xe2\x07L?\xf9\
\xe9\xf2\xa5\x80K\xbco<,\x93\x92\x1d\xc8o\xaek\
\xee>#\x0a\x05\xa3,\xe8\x941\xa9\xc5R\xc9\xf9\xc9\
O~\xf2K\x98\x17\x8a\xe86<\xca`\xc3\xc1\x8f\xae\
\xce\xd46a\x92\x90\x87\x13\x8a\xc9@|\x19W\xec'\
?\xf9\xc9/a\xaa\x8e(\xf6\x95\x83e \xf3,i\
\x00\xd9A\xc5\x04\x15~\xf2\x93\x9f\xfc\x80y\xc9\x93\x86\
I1\xd7n%Xe-\x1b\x13\xee'?\xf9\xc9O\
~\xf2\x93\x9f\xfcti\xd2\xff\x03\xadBO\x05\xe0\xf5\
\x19\xd4\x00\x00\x00\x00IEND\xaeB`\x82\
\x00\x00Y \
<\
?xml version=\x221.\
0\x22 encoding=\x22UTF\
-8\x22?>\x0a<svg width\
=\x22223px\x22 height=\
\x2230px\x22 viewBox=\x22\
0 0 223 30\x22 vers\
ion=\x221.1\x22 xmlns=\
\x22http://www.w3.o\
rg/2000/svg\x22 xml\
ns:xlink=\x22http:/\
/www.w3.org/1999\
/xlink\x22>\x0a    <!-\
- Generator: Ske\
tch 53.2 (72643)\
 - https://sketc\
happ.com -->\x0a   \
 <title>Artboard\
</title>\x0a    <de\
sc>Created with \
Sketch.</desc>\x0a \
   <g id=\x22Artboa\
rd\x22 stroke=\x22none\
\x22 stroke-width=\x22\
1\x22 fill=\x22none\x22 f\
ill-rule=\x22evenod\
d\x22>\x0a        <rec\
t id=\x22Rectangle\x22\
 fill=\x22#FF5E5B\x22 \
x=\x220\x22 y=\x220\x22 widt\
h=\x22223\x22 height=\x22\
30\x22 rx=\x228\x22/>\x0a   \
     <g id=\x22Grou\
p\x22 transform=\x22tr\
anslate(24.00000\
0, 7.000000)\x22 fi\
ll-rule=\x22nonzero\
\x22>\x0a            <\
path d=\x22M17.4179\
31,-1.74615877e-\
12 L19.0255476,-\
1.74615877e-12 C\
22.126324,-1.746\
72838e-12 24.64,\
2.51367595 24.64\
,5.61445238 L24.\
64,5.94446654 C2\
4.64,9.04524297 \
22.126324,11.558\
9189 19.0255476,\
11.5589189 L17.4\
17931,11.5589189\
 L17.417931,13.2\
487143 C17.41793\
1,14.6798419 16.\
2577729,15.84 14\
.8266453,15.84 L\
2.59128571,15.84\
 C1.16015813,15.\
84 -2.90320252e-\
13,14.6798419 -2\
.91766611e-13,13\
.2487143 L-2.915\
44566e-13,1.2956\
4286 C-2.9163219\
8e-13,0.58007906\
6 0.580079066,-1\
.74624937e-12 1.\
29564286,-1.7463\
8082e-12 L17.417\
931,-1.74615877e\
-12 Z M17.417931\
,2.99675676 L17.\
417931,8.5621621\
6 L18.8835042,8.\
56216216 C20.420\
3485,8.56216216 \
21.6662069,7.316\
30373 21.6662069\
,5.77945946 C21.\
6662069,4.242615\
19 20.4203485,2.\
99675676 18.8835\
042,2.99675676 L\
17.417931,2.9967\
5676 Z\x22 id=\x22Rect\
angle-2\x22 fill=\x22#\
FFFFFF\x22/>\x0a      \
      <path d=\x22M\
8.36,5.27684576 \
C8.76029424,4.10\
561525 9.7089413\
5,3.52 11.205941\
3,3.52 C13.45144\
13,3.52 14.28390\
59,6.3136503 13.\
106875,8.14 C12.\
3221877,9.357566\
46 10.7398961,10\
.8975665 8.36,12\
.76 C5.98010394,\
10.8975665 4.397\
81228,9.35756646\
 3.61312502,8.14\
 C2.43609412,6.3\
136503 3.2685587\
1,3.52 5.5140586\
7,3.52 C7.011058\
65,3.52 7.959705\
76,4.10561525 8.\
36,5.27684576 Z\x22\
 id=\x22Path-2\x22 fil\
l=\x22#FF5E5B\x22/>\x0a  \
      </g>\x0a     \
   <path d=\x22M66.\
2,19.14 C65.5279\
966,19.14 64.930\
6693,19.0560008 \
64.408,18.888 C6\
3.8853307,18.719\
9992 63.3953356,\
18.4353353 62.93\
8,18.034 C62.685\
9987,17.8099989 \
62.56,17.562668 \
62.56,17.292 C62\
.56,17.0773323 6\
2.6393325,16.888\
3341 62.798,16.7\
25 C62.9566675,1\
6.5616659 63.147\
9989,16.48 63.37\
2,16.48 C63.5493\
342,16.48 63.707\
9993,16.5359994 \
63.848,16.648 C6\
4.2213352,16.956\
0015 64.5853316,\
17.1799993 64.94\
,17.32 C65.29466\
84,17.4600007 65\
.7146642,17.53 6\
6.2,17.53 C66.72\
26693,17.53 67.1\
729981,17.413334\
5 67.551,17.18 C\
67.9290019,16.94\
66655 68.118,16.\
6573351 68.118,1\
6.312 C68.118,15\
.8919979 67.9313\
352,15.5630012 6\
7.558,15.325 C67\
.1846648,15.0869\
988 66.5920041,1\
4.9073339 65.78,\
14.786 C63.73598\
98,14.4873318 62\
.714,13.5353414 \
62.714,11.93 C62\
.714,11.3419971 \
62.8679985,10.83\
10022 63.176,10.\
397 C63.4840015,\
9.96299783 63.90\
39973,9.63166781\
 64.436,9.403 C6\
4.9680027,9.1743\
3219 65.5606634,\
9.06 66.214,9.06\
 C66.8020029,9.0\
6 67.3549974,9.1\
4866578 67.873,9\
.326 C68.3910026\
,9.50333422 68.8\
226649,9.7366652\
2 69.168,10.026 \
C69.438668,10.24\
06677 69.574,10.\
4879986 69.574,1\
0.768 C69.574,10\
.9826677 69.4946\
675,11.1716659 6\
9.336,11.335 C69\
.1773325,11.4983\
341 68.9906677,1\
1.58 68.776,11.5\
8 C68.6359993,11\
.58 68.5100006,1\
1.5380004 68.398\
,11.454 C68.1553\
321,11.257999 67\
.8170022,11.0783\
341 67.383,10.91\
5 C66.9489978,10\
.7516659 66.5593\
351,10.67 66.214\
,10.67 C65.62599\
71,10.67 65.1710\
016,10.7796656 6\
4.849,10.999 C64\
.5269984,11.2183\
344 64.366,11.50\
53316 64.366,11.\
86 C64.366,12.26\
13353 64.531665,\
12.5646656 64.86\
3,12.77 C65.1943\
35,12.9753344 65\
.7146631,13.1433\
327 66.424,13.27\
4 C67.2266707,13\
.4140007 67.8683\
309,13.5936656 6\
8.349,13.813 C68\
.8296691,14.0323\
344 69.1913321,1\
4.3309981 69.434\
,14.709 C69.6766\
679,15.0870019 6\
9.798,15.5886635\
 69.798,16.214 C\
69.798,16.802002\
9 69.632335,17.3\
176645 69.301,17\
.761 C68.969665,\
18.2043355 68.52\
86694,18.5449988\
 67.978,18.783 C\
67.4273306,19.02\
10012 66.8346698\
,19.14 66.2,19.1\
4 Z M76.826,11.5\
1 C77.0686679,11\
.51 77.2693325,1\
1.5916659 77.428\
,11.755 C77.5866\
675,11.9183341 7\
7.666,12.1213321\
 77.666,12.364 L\
77.666,15.92 C77\
.666,16.928005 7\
7.3883361,17.716\
6638 76.833,18.2\
86 C76.2776639,1\
8.8553362 75.486\
6718,19.14 74.46\
,19.14 C73.43332\
82,19.14 72.6446\
694,18.8553362 7\
2.094,18.286 C71\
.5433306,17.7166\
638 71.268,16.92\
8005 71.268,15.9\
2 L71.268,12.364\
 C71.268,12.1213\
321 71.3473325,1\
1.9183341 71.506\
,11.755 C71.6646\
675,11.5916659 7\
1.8653321,11.51 \
72.108,11.51 C72\
.3506679,11.51 7\
2.5513325,11.591\
6659 72.71,11.75\
5 C72.8686675,11\
.9183341 72.948,\
12.1213321 72.94\
8,12.364 L72.948\
,15.92 C72.948,1\
6.4893362 73.073\
9987,16.9116653 \
73.326,17.187 C7\
3.5780013,17.462\
3347 73.9559975,\
17.6 74.46,17.6 \
C74.9733359,17.6\
 75.3559987,17.4\
623347 75.608,17\
.187 C75.8600013\
,16.9116653 75.9\
86,16.4893362 75\
.986,15.92 L75.9\
86,12.364 C75.98\
6,12.1213321 76.\
0653325,11.91833\
41 76.224,11.755\
 C76.3826675,11.\
5916659 76.58333\
21,11.51 76.826,\
11.51 Z M83.364,\
11.37 C84.008003\
2,11.37 84.59133\
07,11.535665 85.\
114,11.867 C85.6\
366693,12.198335\
 86.0496652,12.6\
579971 86.353,13\
.246 C86.6563349\
,13.8340029 86.8\
08,14.5013296 86\
.808,15.248 C86.\
808,15.9946704 8\
6.6586682,16.664\
3304 86.36,17.25\
7 C86.0613318,17\
.8496696 85.6530\
026,18.311665 85\
.135,18.643 C84.\
6169974,18.97433\
5 84.0453365,19.\
14 83.42,19.14 C\
82.9719978,19.14\
 82.5496687,19.0\
490009 82.153,18\
.867 C81.7563313\
,18.6849991 81.4\
273346,18.463334\
6 81.166,18.202 \
L81.166,20.946 C\
81.166,21.188667\
9 81.0866675,21.\
3916658 80.928,2\
1.555 C80.769332\
5,21.7183342 80.\
5686679,21.8 80.\
326,21.8 C80.083\
3321,21.8 79.882\
6675,21.7206675 \
79.724,21.562 C7\
9.5653325,21.403\
3325 79.486,21.1\
980013 79.486,20\
.946 L79.486,12.\
364 C79.486,12.1\
213321 79.565332\
5,11.9183341 79.\
724,11.755 C79.8\
826675,11.591665\
9 80.0833321,11.\
51 80.326,11.51 \
C80.5686679,11.5\
1 80.7693325,11.\
5916659 80.928,1\
1.755 C81.086667\
5,11.9183341 81.\
166,12.1213321 8\
1.166,12.364 L81\
.166,12.42 C81.3\
900011,12.139998\
6 81.7026647,11.\
895001 82.104,11\
.685 C82.5053353\
,11.4749989 82.9\
253311,11.37 83.\
364,11.37 Z M83.\
154,17.6 C83.751\
3363,17.6 84.241\
3314,17.3760022 \
84.624,16.928 C8\
5.0066686,16.479\
9978 85.198,15.9\
200034 85.198,15\
.248 C85.198,14.\
5759966 85.00900\
19,14.0183355 84\
.631,13.575 C84.\
2529981,13.13166\
44 83.7606697,12\
.91 83.154,12.91\
 C82.5473303,12.\
91 82.0526686,13\
.1316644 81.67,1\
3.575 C81.287331\
4,14.0183355 81.\
096,14.5759966 8\
1.096,15.248 C81\
.096,15.9200034 \
81.2873314,16.47\
99978 81.67,16.9\
28 C82.0526686,1\
7.3760022 82.547\
3303,17.6 83.154\
,17.6 Z M92.086,\
11.37 C92.730003\
2,11.37 93.31333\
07,11.535665 93.\
836,11.867 C94.3\
586693,12.198335\
 94.7716652,12.6\
579971 95.075,13\
.246 C95.3783349\
,13.8340029 95.5\
3,14.5013296 95.\
53,15.248 C95.53\
,15.9946704 95.3\
806682,16.664330\
4 95.082,17.257 \
C94.7833318,17.8\
496696 94.375002\
6,18.311665 93.8\
57,18.643 C93.33\
89974,18.974335 \
92.7673365,19.14\
 92.142,19.14 C9\
1.6939978,19.14 \
91.2716687,19.04\
90009 90.875,18.\
867 C90.4783313,\
18.6849991 90.14\
93346,18.4633346\
 89.888,18.202 L\
89.888,20.946 C8\
9.888,21.1886679\
 89.8086675,21.3\
916658 89.65,21.\
555 C89.4913325,\
21.7183342 89.29\
06679,21.8 89.04\
8,21.8 C88.80533\
21,21.8 88.60466\
75,21.7206675 88\
.446,21.562 C88.\
2873325,21.40333\
25 88.208,21.198\
0013 88.208,20.9\
46 L88.208,12.36\
4 C88.208,12.121\
3321 88.2873325,\
11.9183341 88.44\
6,11.755 C88.604\
6675,11.5916659 \
88.8053321,11.51\
 89.048,11.51 C8\
9.2906679,11.51 \
89.4913325,11.59\
16659 89.65,11.7\
55 C89.8086675,1\
1.9183341 89.888\
,12.1213321 89.8\
88,12.364 L89.88\
8,12.42 C90.1120\
011,12.1399986 9\
0.4246647,11.895\
001 90.826,11.68\
5 C91.2273353,11\
.4749989 91.6473\
311,11.37 92.086\
,11.37 Z M91.876\
,17.6 C92.473336\
3,17.6 92.963331\
4,17.3760022 93.\
346,16.928 C93.7\
286686,16.479997\
8 93.92,15.92000\
34 93.92,15.248 \
C93.92,14.575996\
6 93.7310019,14.\
0183355 93.353,1\
3.575 C92.974998\
1,13.1316644 92.\
4826697,12.91 91\
.876,12.91 C91.2\
693303,12.91 90.\
7746686,13.13166\
44 90.392,13.575\
 C90.0093314,14.\
0183355 89.818,1\
4.5759966 89.818\
,15.248 C89.818,\
15.9200034 90.00\
93314,16.4799978\
 90.392,16.928 C\
90.7746686,17.37\
60022 91.2693303\
,17.6 91.876,17.\
6 Z M104.126,15.\
262 C104.126,16.\
0086704 103.9580\
02,16.6783304 10\
3.622,17.271 C10\
3.285998,17.8636\
696 102.826336,1\
8.3233317 102.24\
3,18.65 C101.659\
664,18.9766683 1\
01.018004,19.14 \
100.318,19.14 C9\
9.6086631,19.14 \
98.9646696,18.97\
66683 98.386,18.\
65 C97.8073304,1\
8.3233317 97.350\
0017,17.8636696 \
97.014,17.271 C9\
6.6779983,16.678\
3304 96.51,16.00\
86704 96.51,15.2\
62 C96.51,14.515\
3296 96.6779983,\
13.8456696 97.01\
4,13.253 C97.350\
0017,12.6603304 \
97.8073304,12.19\
8335 98.386,11.8\
67 C98.9646696,1\
1.535665 99.6086\
631,11.37 100.31\
8,11.37 C101.018\
004,11.37 101.65\
9664,11.535665 1\
02.243,11.867 C1\
02.826336,12.198\
335 103.285998,1\
2.6603304 103.62\
2,13.253 C103.95\
8002,13.8456696 \
104.126,14.51532\
96 104.126,15.26\
2 Z M102.446,15.\
262 C102.446,14.\
8046644 102.3503\
34,14.3963351 10\
2.159,14.037 C10\
1.967666,13.6776\
649 101.711002,1\
3.400001 101.389\
,13.204 C101.066\
998,13.007999 10\
0.710002,12.91 1\
00.318,12.91 C99\
.925998,12.91 99\
.5690016,13.0079\
99 99.247,13.204\
 C98.9249984,13.\
400001 98.668334\
3,13.6776649 98.\
477,14.037 C98.2\
856657,14.396335\
1 98.19,14.80466\
44 98.19,15.262 \
C98.19,15.719335\
6 98.2856657,16.\
1253316 98.477,1\
6.48 C98.6683343\
,16.8346684 98.9\
249984,17.109999\
 99.247,17.306 C\
99.5690016,17.50\
2001 99.925998,1\
7.6 100.318,17.6\
 C100.710002,17.\
6 101.066998,17.\
502001 101.389,1\
7.306 C101.71100\
2,17.109999 101.\
967666,16.834668\
4 102.159,16.48 \
C102.350334,16.1\
253316 102.446,1\
5.7193356 102.44\
6,15.262 Z M109.\
418,11.37 C109.6\
98001,11.37 109.\
933666,11.449332\
5 110.125,11.608\
 C110.316334,11.\
7666675 110.412,\
11.9533323 110.4\
12,12.168 C110.4\
12,12.4573348 11\
0.337334,12.6743\
326 110.188,12.8\
19 C110.038666,1\
2.9636674 109.86\
1334,13.036 109.\
656,13.036 C109.\
515999,13.036 10\
9.357334,13.0033\
337 109.18,12.93\
8 C109.152,12.92\
86666 109.089,12\
.9100001 108.991\
,12.882 C108.893\
,12.8539999 108.\
788001,12.84 108\
.676,12.84 C108.\
433332,12.84 108\
.200001,12.91466\
59 107.976,13.06\
4 C107.751999,13\
.2133341 107.567\
667,13.4396651 1\
07.423,13.743 C1\
07.278333,14.046\
3349 107.206,14.\
4079979 107.206,\
14.828 L107.206,\
18.146 C107.206,\
18.3886679 107.1\
26667,18.5916658\
 106.968,18.755 \
C106.809333,18.9\
183341 106.60866\
8,19 106.366,19 \
C106.123332,19 1\
05.922667,18.918\
3341 105.764,18.\
755 C105.605333,\
18.5916658 105.5\
26,18.3886679 10\
5.526,18.146 L10\
5.526,12.364 C10\
5.526,12.1213321\
 105.605333,11.9\
183341 105.764,1\
1.755 C105.92266\
7,11.5916659 106\
.123332,11.51 10\
6.366,11.51 C106\
.608668,11.51 10\
6.809333,11.5916\
659 106.968,11.7\
55 C107.126667,1\
1.9183341 107.20\
6,12.1213321 107\
.206,12.364 L107\
.206,12.546 C107\
.420668,12.16333\
14 107.728665,11\
.8716677 108.13,\
11.671 C108.5313\
35,11.4703323 10\
8.960664,11.37 1\
09.418,11.37 Z M\
115.214,17.418 C\
115.344667,17.41\
8 115.463666,17.\
4809994 115.571,\
17.607 C115.6783\
34,17.7330006 11\
5.732,17.8986656\
 115.732,18.104 \
C115.732,18.3560\
013 115.594335,1\
8.5683325 115.31\
9,18.741 C115.04\
3665,18.9136675 \
114.733335,19 11\
4.388,19 C113.80\
933,19 113.32166\
9,18.8763346 112\
.925,18.629 C112\
.528331,18.38166\
54 112.33,17.856\
6707 112.33,17.0\
54 L112.33,13.19\
 L111.686,13.19 \
C111.461999,13.1\
9 111.275334,13.\
1153341 111.126,\
12.966 C110.9766\
66,12.8166659 11\
0.902,12.6300011\
 110.902,12.406 \
C110.902,12.1913\
323 110.976666,1\
2.0116674 111.12\
6,11.867 C111.27\
5334,11.7223326 \
111.461999,11.65\
 111.686,11.65 L\
112.33,11.65 L11\
2.33,10.754 C112\
.33,10.5113321 1\
12.411666,10.308\
3342 112.575,10.\
145 C112.738334,\
9.98166585 112.9\
41332,9.9 113.18\
4,9.9 C113.41733\
4,9.9 113.613333\
,9.98166585 113.\
772,10.145 C113.\
930667,10.308334\
2 114.01,10.5113\
321 114.01,10.75\
4 L114.01,11.65 \
L115.004,11.65 C\
115.228001,11.65\
 115.414666,11.7\
246659 115.564,1\
1.874 C115.71333\
4,12.0233341 115\
.788,12.2099989 \
115.788,12.434 C\
115.788,12.64866\
77 115.713334,12\
.8283326 115.564\
,12.973 C115.414\
666,13.1176674 1\
15.228001,13.19 \
115.004,13.19 L1\
14.01,13.19 L114\
.01,16.984 C114.\
01,17.180001 114\
.061333,17.32233\
29 114.164,17.41\
1 C114.266667,17\
.4996671 114.406\
666,17.544 114.5\
84,17.544 C114.6\
58667,17.544 114\
.761333,17.52533\
35 114.892,17.48\
8 C115.004001,17\
.4413331 115.111\
333,17.418 115.2\
14,17.418 Z M129\
.886,11.37 C130.\
810005,11.37 131\
.449332,11.65233\
05 131.804,12.21\
7 C132.158668,12\
.7816695 132.336\
,13.5633283 132.\
336,14.562 L132.\
336,18.146 C132.\
336,18.3886679 1\
32.256667,18.591\
6658 132.098,18.\
755 C131.939333,\
18.9183341 131.7\
38668,19 131.496\
,19 C131.253332,\
19 131.052667,18\
.9183341 130.894\
,18.755 C130.735\
333,18.5916658 1\
30.656,18.388667\
9 130.656,18.146\
 L130.656,14.562\
 C130.656,14.048\
6641 130.555668,\
13.6450015 130.3\
55,13.351 C130.1\
54332,13.0569985\
 129.802003,12.9\
1 129.298,12.91 \
C128.775331,12.9\
1 128.367001,13.\
0663318 128.073,\
13.379 C127.7789\
99,13.6916682 12\
7.632,14.0859976\
 127.632,14.562 \
L127.632,18.146 \
C127.632,18.3886\
679 127.552667,1\
8.5916658 127.39\
4,18.755 C127.23\
5333,18.9183341 \
127.034668,19 12\
6.792,19 C126.54\
9332,19 126.3486\
67,18.9183341 12\
6.19,18.755 C126\
.031333,18.59166\
58 125.952,18.38\
86679 125.952,18\
.146 L125.952,14\
.562 C125.952,14\
.0486641 125.851\
668,13.6450015 1\
25.651,13.351 C1\
25.450332,13.056\
9985 125.098003,\
12.91 124.594,12\
.91 C124.071331,\
12.91 123.663001\
,13.0663318 123.\
369,13.379 C123.\
074999,13.691668\
2 122.928,14.085\
9976 122.928,14.\
562 L122.928,18.\
146 C122.928,18.\
3886679 122.8486\
67,18.5916658 12\
2.69,18.755 C122\
.531333,18.91833\
41 122.330668,19\
 122.088,19 C121\
.845332,19 121.6\
44667,18.9183341\
 121.486,18.755 \
C121.327333,18.5\
916658 121.248,1\
8.3886679 121.24\
8,18.146 L121.24\
8,12.364 C121.24\
8,12.1213321 121\
.327333,11.91833\
41 121.486,11.75\
5 C121.644667,11\
.5916659 121.845\
332,11.51 122.08\
8,11.51 C122.330\
668,11.51 122.53\
1333,11.5916659 \
122.69,11.755 C1\
22.848667,11.918\
3341 122.928,12.\
1213321 122.928,\
12.364 L122.928,\
12.588 C123.1800\
01,12.2519983 12\
3.499665,11.9650\
012 123.887,11.7\
27 C124.274335,1\
1.4889988 124.70\
5998,11.37 125.1\
82,11.37 C126.35\
8006,11.37 127.1\
09332,11.8833282\
 127.436,12.91 C\
127.650668,12.51\
7998 127.974998,\
12.1633349 128.4\
09,11.846 C128.8\
43002,11.5286651\
 129.335331,11.3\
7 129.886,11.37 \
Z M140.876,15.08\
 C140.866667,15.\
3040011 140.7780\
01,15.4859993 14\
0.61,15.626 C140\
.441999,15.76600\
07 140.246001,15\
.836 140.022,15.\
836 L135.402,15.\
836 C135.514001,\
16.3866694 135.7\
70665,16.8183318\
 136.172,17.131 \
C136.573335,17.4\
436682 137.02599\
7,17.6 137.53,17\
.6 C137.912669,1\
7.6 138.211332,1\
7.5650003 138.42\
6,17.495 C138.64\
0668,17.4249997 \
138.810999,17.35\
03337 138.937,17\
.271 C139.063001\
,17.1916663 139.\
149333,17.138000\
1 139.196,17.11 \
C139.364001,17.0\
259996 139.52266\
6,16.984 139.672\
,16.984 C139.868\
001,16.984 140.0\
35999,17.0539993\
 140.176,17.194 \
C140.316001,17.3\
340007 140.386,1\
7.4973324 140.38\
6,17.684 C140.38\
6,17.9360013 140\
.255335,18.16466\
56 139.994,18.37\
 C139.732665,18.\
5846677 139.3826\
69,18.7666659 13\
8.944,18.916 C13\
8.505331,19.0653\
341 138.062002,1\
9.14 137.614,19.\
14 C136.829996,1\
9.14 136.146336,\
18.9766683 135.5\
63,18.65 C134.97\
9664,18.3233317 \
134.529335,17.87\
30029 134.212,17\
.299 C133.894665\
,16.7249971 133.\
736,16.0786703 1\
33.736,15.36 C13\
3.736,14.5573293\
 133.903998,13.8\
526697 134.24,13\
.246 C134.576002\
,12.6393303 135.\
019331,12.175001\
6 135.57,11.853 \
C136.120669,11.5\
309984 136.70866\
4,11.37 137.334,\
11.37 C137.95000\
3,11.37 138.5309\
97,11.5379983 13\
9.077,11.874 C13\
9.623003,12.2100\
017 140.059332,1\
2.6626638 140.38\
6,13.232 C140.71\
2668,13.8013362 \
140.876,14.41733\
 140.876,15.08 Z\
 M137.334,12.91 \
C136.251328,12.9\
1 135.612001,13.\
4186616 135.416,\
14.436 L139.084,\
14.436 L139.084,\
14.338 C139.0466\
66,13.945998 138\
.855335,13.61000\
14 138.51,13.33 \
C138.164665,13.0\
499986 137.77266\
9,12.91 137.334,\
12.91 Z M153.392\
,15.262 C153.392\
,16.0086704 153.\
224002,16.678330\
4 152.888,17.271\
 C152.551998,17.\
8636696 152.0923\
36,18.3233317 15\
1.509,18.65 C150\
.925664,18.97666\
83 150.284003,19\
.14 149.584,19.1\
4 C148.874663,19\
.14 148.23067,18\
.9766683 147.652\
,18.65 C147.0733\
3,18.3233317 146\
.616002,17.86366\
96 146.28,17.271\
 C145.943998,16.\
6783304 145.776,\
16.0086704 145.7\
76,15.262 C145.7\
76,14.5153296 14\
5.943998,13.8456\
696 146.28,13.25\
3 C146.616002,12\
.6603304 147.073\
33,12.198335 147\
.652,11.867 C148\
.23067,11.535665\
 148.874663,11.3\
7 149.584,11.37 \
C150.284003,11.3\
7 150.925664,11.\
535665 151.509,1\
1.867 C152.09233\
6,12.198335 152.\
551998,12.660330\
4 152.888,13.253\
 C153.224002,13.\
8456696 153.392,\
14.5153296 153.3\
92,15.262 Z M151\
.712,15.262 C151\
.712,14.8046644 \
151.616334,14.39\
63351 151.425,14\
.037 C151.233666\
,13.6776649 150.\
977002,13.400001\
 150.655,13.204 \
C150.332998,13.0\
07999 149.976002\
,12.91 149.584,1\
2.91 C149.191998\
,12.91 148.83500\
2,13.007999 148.\
513,13.204 C148.\
190998,13.400001\
 147.934334,13.6\
776649 147.743,1\
4.037 C147.55166\
6,14.3963351 147\
.456,14.8046644 \
147.456,15.262 C\
147.456,15.71933\
56 147.551666,16\
.1253316 147.743\
,16.48 C147.9343\
34,16.8346684 14\
8.190998,17.1099\
99 148.513,17.30\
6 C148.835002,17\
.502001 149.1919\
98,17.6 149.584,\
17.6 C149.976002\
,17.6 150.332998\
,17.502001 150.6\
55,17.306 C150.9\
77002,17.109999 \
151.233666,16.83\
46684 151.425,16\
.48 C151.616334,\
16.1253316 151.7\
12,15.7193356 15\
1.712,15.262 Z M\
158.796,11.37 C1\
59.748005,11.37 \
160.405998,11.65\
23305 160.77,12.\
217 C161.134002,\
12.7816695 161.3\
16,13.5633283 16\
1.316,14.562 L16\
1.316,18.146 C16\
1.316,18.3886679\
 161.236667,18.5\
916658 161.078,1\
8.755 C160.91933\
3,18.9183341 160\
.718668,19 160.4\
76,19 C160.23333\
2,19 160.032667,\
18.9183341 159.8\
74,18.755 C159.7\
15333,18.5916658\
 159.636,18.3886\
679 159.636,18.1\
46 L159.636,14.5\
62 C159.636,14.0\
486641 159.52866\
8,13.6450015 159\
.314,13.351 C159\
.099332,13.05699\
85 158.730669,12\
.91 158.208,12.9\
1 C157.666664,12\
.91 157.242002,1\
3.0663318 156.93\
4,13.379 C156.62\
5998,13.6916682 \
156.472,14.08599\
76 156.472,14.56\
2 L156.472,18.14\
6 C156.472,18.38\
86679 156.392667\
,18.5916658 156.\
234,18.755 C156.\
075333,18.918334\
1 155.874668,19 \
155.632,19 C155.\
389332,19 155.18\
8667,18.9183341 \
155.03,18.755 C1\
54.871333,18.591\
6658 154.792,18.\
3886679 154.792,\
18.146 L154.792,\
12.364 C154.792,\
12.1213321 154.8\
71333,11.9183341\
 155.03,11.755 C\
155.188667,11.59\
16659 155.389332\
,11.51 155.632,1\
1.51 C155.874668\
,11.51 156.07533\
3,11.5916659 156\
.234,11.755 C156\
.392667,11.91833\
41 156.472,12.12\
13321 156.472,12\
.364 L156.472,12\
.602 C156.724001\
,12.2659983 157.\
052998,11.976667\
9 157.459,11.734\
 C157.865002,11.\
4913321 158.3106\
64,11.37 158.796\
,11.37 Z M174.7,\
17.544 C174.756,\
17.618667 174.80\
2666,17.7096661 \
174.84,17.817 C1\
74.877334,17.924\
3339 174.896,18.\
0246662 174.896,\
18.118 C174.896,\
18.3700013 174.8\
00334,18.5799992\
 174.609,18.748 \
C174.417666,18.9\
160008 174.19600\
1,19 173.944,19 \
C173.822666,19 1\
73.706001,18.972\
0003 173.594,18.\
916 C173.481999,\
18.8599997 173.3\
88667,18.7806672\
 173.314,18.678 \
L170.276,14.674 \
L168.946,15.948 \
L168.946,18.146 \
C168.946,18.3980\
013 168.864334,1\
8.6033325 168.70\
1,18.762 C168.53\
7666,18.9206675 \
168.325335,19 16\
8.064,19 C167.81\
1999,19 167.6043\
34,18.9183341 16\
7.441,18.755 C16\
7.277666,18.5916\
658 167.196,18.3\
886679 167.196,1\
8.146 L167.196,1\
0.054 C167.196,9\
.81133212 167.27\
9999,9.60833415 \
167.448,9.445 C1\
67.616001,9.2816\
6585 167.830665,\
9.2 168.092,9.2 \
C168.344001,9.2 \
168.549333,9.279\
33254 168.708,9.\
438 C168.866667,\
9.59666746 168.9\
46,9.80199874 16\
8.946,10.054 L16\
8.946,13.862 L17\
3.426,9.452 C173\
.640668,9.237332\
26 173.869332,9.\
13 174.112,9.13 \
C174.326668,9.13\
 174.508666,9.21\
866578 174.658,9\
.396 C174.807334\
,9.57333422 174.\
882,9.75999902 1\
74.882,9.956 C17\
4.882,10.152001 \
174.798001,10.33\
39992 174.63,10.\
502 L171.578,13.\
414 L174.7,17.54\
4 Z M183.422,15.\
262 C183.422,16.\
0086704 183.2540\
02,16.6783304 18\
2.918,17.271 C18\
2.581998,17.8636\
696 182.122336,1\
8.3233317 181.53\
9,18.65 C180.955\
664,18.9766683 1\
80.314004,19.14 \
179.614,19.14 C1\
78.904663,19.14 \
178.26067,18.976\
6683 177.682,18.\
65 C177.10333,18\
.3233317 176.646\
002,17.8636696 1\
76.31,17.271 C17\
5.973998,16.6783\
304 175.806,16.0\
086704 175.806,1\
5.262 C175.806,1\
4.5153296 175.97\
3998,13.8456696 \
176.31,13.253 C1\
76.646002,12.660\
3304 177.10333,1\
2.198335 177.682\
,11.867 C178.260\
67,11.535665 178\
.904663,11.37 17\
9.614,11.37 C180\
.314004,11.37 18\
0.955664,11.5356\
65 181.539,11.86\
7 C182.122336,12\
.198335 182.5819\
98,12.6603304 18\
2.918,13.253 C18\
3.254002,13.8456\
696 183.422,14.5\
153296 183.422,1\
5.262 Z M181.742\
,15.262 C181.742\
,14.8046644 181.\
646334,14.396335\
1 181.455,14.037\
 C181.263666,13.\
6776649 181.0070\
02,13.400001 180\
.685,13.204 C180\
.362998,13.00799\
9 180.006002,12.\
91 179.614,12.91\
 C179.221998,12.\
91 178.865002,13\
.007999 178.543,\
13.204 C178.2209\
98,13.400001 177\
.964334,13.67766\
49 177.773,14.03\
7 C177.581666,14\
.3963351 177.486\
,14.8046644 177.\
486,15.262 C177.\
486,15.7193356 1\
77.581666,16.125\
3316 177.773,16.\
48 C177.964334,1\
6.8346684 178.22\
0998,17.109999 1\
78.543,17.306 C1\
78.865002,17.502\
001 179.221998,1\
7.6 179.614,17.6\
 C180.006002,17.\
6 180.362998,17.\
502001 180.685,1\
7.306 C181.00700\
2,17.109999 181.\
263666,16.834668\
4 181.455,16.48 \
C181.646334,16.1\
253316 181.742,1\
5.7193356 181.74\
2,15.262 Z M185.\
466,15.542 C185.\
223332,15.542 18\
5.020334,15.4626\
675 184.857,15.3\
04 C184.693666,1\
5.1453325 184.61\
2,14.9446679 184\
.612,14.702 C184\
.612,14.4686655 \
184.693666,14.27\
26675 184.857,14\
.114 C185.020334\
,13.9553325 185.\
223332,13.876 18\
5.466,13.876 L18\
7.902,13.876 C18\
8.144668,13.876 \
188.347666,13.95\
76658 188.511,14\
.121 C188.674334\
,14.2843341 188.\
756,14.4873321 1\
88.756,14.73 C18\
8.756,14.9633345\
 188.674334,15.1\
569992 188.511,1\
5.311 C188.34766\
6,15.4650008 188\
.144668,15.542 1\
87.902,15.542 L1\
85.466,15.542 Z \
M193.964,10.124 \
C193.646665,10.1\
24 193.422667,10\
.2149991 193.292\
,10.397 C193.161\
333,10.5790009 1\
93.096,10.777332\
3 193.096,10.992\
 L193.096,11.65 \
L194.37,11.65 C1\
94.594001,11.65 \
194.780666,11.72\
23326 194.93,11.\
867 C195.079334,\
12.0116674 195.1\
54,12.1959989 19\
5.154,12.42 C195\
.154,12.6440011 \
195.079334,12.82\
83326 194.93,12.\
973 C194.780666,\
13.1176674 194.5\
94001,13.19 194.\
37,13.19 L193.09\
6,13.19 L193.096\
,18.146 C193.096\
,18.3886679 193.\
016667,18.591665\
8 192.858,18.755\
 C192.699333,18.\
9183341 192.4986\
68,19 192.256,19\
 C192.013332,19 \
191.812667,18.91\
83341 191.654,18\
.755 C191.495333\
,18.5916658 191.\
416,18.3886679 1\
91.416,18.146 L1\
91.416,13.19 L19\
0.66,13.19 C190.\
435999,13.19 190\
.249334,13.11766\
74 190.1,12.973 \
C189.950666,12.8\
283326 189.876,1\
2.6440011 189.87\
6,12.42 C189.876\
,12.1959989 189.\
950666,12.011667\
4 190.1,11.867 C\
190.249334,11.72\
23326 190.435999\
,11.65 190.66,11\
.65 L191.416,11.\
65 L191.416,11.0\
06 C191.416,10.3\
059965 191.65633\
1,9.73666886 192\
.137,9.298 C192.\
617669,8.8593311\
4 193.310662,8.6\
4 194.216,8.64 C\
194.561335,8.64 \
194.862332,8.709\
9993 195.119,8.8\
5 C195.375668,8.\
9900007 195.504,\
9.20466522 195.5\
04,9.494 C195.50\
4,9.71800112 195\
.438667,9.899999\
3 195.308,10.04 \
C195.177333,10.1\
800007 195.01866\
8,10.25 194.832,\
10.25 C194.78533\
3,10.25 194.7363\
34,10.2453334 19\
4.685,10.236 C19\
4.633666,10.2266\
666 194.58,10.21\
73334 194.524,10\
.208 C194.299999\
,10.1519997 194.\
113334,10.124 19\
3.964,10.124 Z M\
197.786,18.146 C\
197.786,18.38866\
79 197.706667,18\
.5916658 197.548\
,18.755 C197.389\
333,18.9183341 1\
97.188668,19 196\
.946,19 C196.703\
332,19 196.50266\
7,18.9183341 196\
.344,18.755 C196\
.185333,18.59166\
58 196.106,18.38\
86679 196.106,18\
.146 L196.106,12\
.364 C196.106,12\
.1213321 196.185\
333,11.9183341 1\
96.344,11.755 C1\
96.502667,11.591\
6659 196.703332,\
11.51 196.946,11\
.51 C197.188668,\
11.51 197.389333\
,11.5916659 197.\
548,11.755 C197.\
706667,11.918334\
1 197.786,12.121\
3321 197.786,12.\
364 L197.786,18.\
146 Z M196.932,1\
0.6 C196.614665,\
10.6 196.390667,\
10.5486672 196.2\
6,10.446 C196.12\
9333,10.3433328 \
196.064,10.16133\
46 196.064,9.9 L\
196.064,9.634 C1\
96.064,9.3726653\
6 196.133999,9.1\
9066718 196.274,\
9.088 C196.41400\
1,8.98533282 196\
.637998,8.934 19\
6.946,8.934 C197\
.272668,8.934 19\
7.501333,8.98533\
282 197.632,9.08\
8 C197.762667,9.\
19066718 197.828\
,9.37266536 197.\
828,9.634 L197.8\
28,9.9 C197.828,\
10.170668 197.76\
0334,10.3549995 \
197.625,10.453 C\
197.489666,10.55\
10005 197.258668\
,10.6 196.932,10\
.6 Z\x22 id=\x22Suppor\
tmeonKo-f\x22 fill=\
\x22#FFFFFF\x22 fill-r\
ule=\x22nonzero\x22/>\x0a\
    </g>\x0a</svg>\
\x00\x00\x01o\
\x89\
PNG\x0d\x0a\x1a\x0a\x00\x00\x00\x0dIHDR\x00\
\x00\x00\x10\x00\x00\x00\x10\x08\x06\x00\x00\x00\x1f\xf3\xffa\
\x00\x00\x00\x09pHYs\x00\x00L\xe5\x00\x00L\xe5\
\x01u\xce\xf0\x95\x00\x00\x01!IDAT8\xcb\xcd\
\x92=N\xc3@\x10\x85g&\xa9\x10P\xe5\x0e\x80D\
\xc2\x0d\x1c\xd9)\x90(\xa8@i\xb8\x04\xe2\x0e\xd4p\
\x05\x1a\xc4\x0d \x92\x7f0\x12\x12\x92\x1b\x10\x15W\x80\
4`\xa8\xc8\x0coE\x22\xd9V\x1c\xa7\x83iv5\
3\xdf\xec{\xbbK\xf4\xd7\xc1\xcb4E\xd1]\x97\xc5\
\xceZBC\xcf\xf3\xde\x8a5i\x86\xa3\x1e\x8bFD\
\x16L\x94\xc24M;K+\xf8\x85[!\xb6\x05\x88\
\x9f\xa0$\x80\x92\xf1B\x05q\x1c\xef\x00\x1e\x01x.\
W\xac7Q\xbbZh\xc1\xc1\xc422\xa6\xe3\xb5\xd5\
\x95\x01t^\x14\xcac2=\xa9\xb50\x85o\x1c\x1c\
\xf4\xfb\x97.\x97e\x99|\xe4_\xb0b]\xc0\x03\xdf\
\xf7\x1f\xe7*p\x9e\x01\x87\x18{:\x83]\xe4y~\
\x08x\xab\x0a\x97\x06L/\x0c\x9eI\x8d\xe8e\x96O\
\x92dh\xc4\xe7\x80w\xabp\xc9B\x9c\xdc\xbe:\xd9\
dt\x84\xe4&\xd6Ob{@\xcb^\x1d\xec\xa2]\
\xd8w\xda\xcc\xd7jzof\xeb\xc48\x95x\x7f\x9e\
\xec\xda\x8f\xf4\xadz \x22\xef&\xb2\x0dx\xa3\x09\xae\
Z\xb0\xcaS5\xc2\xff#~\x00\x97\xd3\x80f\x03\xbf\
a\xd0\x00\x00\x00\x00IEND\xaeB`\x82\
\x00\x002\xe7\
\x89\
PNG\x0d\x0a\x1a\x0a\x00\x00\x00\x0dIHDR\x00\
\x00\x01\x00\x00\x00\x01\x00\x08\x06\x00\x00\x00\x5cr\xa8f\
\x00\x00\x01\x84iCCPICC prof\
ile\x00\x00(\x91}\x91=H\xc3@\x1c\xc5_\
\xd3\x16E*\x0av\x90\xe2\x90\xa1:\xb5\x8b\x8a8\xd6\
*\x14\xa1B\xa8\x15Zu0\xb9\xf4\x0b\x9a\xb4$)\
.\x8e\x82k\xc1\xc1\x8f\xc5\xaa\x83\x8b\xb3\xae\x0e\xae\x82\
 \xf8\x01\xe2\xec\xe0\xa4\xe8\x22%\xfe/)\xb4\x88\xf1\
\xe0\xb8\x1f\xef\xee=\xee\xde\x01B\xab\xca43\x90\x00\
4\xdd22\xa9\xa4\x98\xcb\xaf\x8a}\xaf\x08b\x18\x01\
D\x10\x93\x99Y\x9f\x93\xa44<\xc7\xd7=||\xbd\
\x8b\xf3,\xefs\x7f\x8eA\xb5`2\xc0'\x12'X\
\xdd\xb0\x887\x88g6\xad:\xe7}\xe20+\xcb*\
\xf19q\xcc\xa0\x0b\x12?r]q\xf9\x8ds\xc9a\
\x81g\x86\x8dlf\x9e8L,\x96zX\xe9aV\
64\xe2i\xe2\xa8\xaa\xe9\x94/\xe4\x5cV9oq\
\xd6\xaa\x0d\xd6\xb9'\x7fa\xa8\xa0\xaf,s\x9d\xe6\x18\
RX\xc4\x12$\x88P\xd0@\x05UX\x88\xd3\xaa\x93\
b\x22C\xfbI\x0f\x7f\xc4\xf1K\xe4R\xc8U\x01#\
\xc7\x02j\xd0 ;~\xf0?\xf8\xdd\xadY\x9c\x9at\
\x93BI \xf8b\xdb\x1f\xe3@\xdf.\xd0n\xda\xf6\
\xf7\xb1m\xb7O\x00\xff3p\xa5w\xfd\xb5\x160\xfb\
Iz\xb3\xabE\x8f\x80\xa1m\xe0\xe2\xba\xab){\xc0\
\xe5\x0e0\xfaT\x97\x0d\xd9\x91\xfc4\x85b\x11x?\
\xa3o\xca\x03#\xb7\xc0\xc0\x9a\xdb[g\x1f\xa7\x0f@\
\x96\xbaJ\xdf\x00\x07\x87\xc0D\x89\xb2\xd7=\xde\xdd\xdf\
\xdb\xdb\xbfg:\xfd\xfd\x00\x8a\xdar\xb0\x96\xbe\xe7\x06\
\x00\x00\x00\x06bKGD\x00\xff\x00\xff\x00\xff\xa0\xbd\
\xa7\x93\x00\x00\x00\x09pHYs\x00\x00\x0d\xd7\x00\x00\
\x0d\xd7\x01B(\x9bx\x00\x00\x00\x07tIME\x07\
\xe8\x05\x10\x04\x1c\x07\xd1 \x8b\x82\x00\x00 \x00ID\
ATx\xda\xed\x9dwXT\xd7\xda\xf6\xef=\x85a\
\x18\x8a4Q\xc0\x06\x8a2\x03XA\xa3\xb1b\x22\xf6\
\x8a\x95\x98\x17\x89F\x8fzl\xf1\xf8bbIb4\
&\xe8k\x8f\xbd\x125\xd1\xa3`\x02!\x96\x00\xf6F\
D\x01A@P@\x10P\xca\xd0\x06\xa6\xec\xef\x8f\xc4\
|&1J\xd9{\xcf\x9e\x99\xf5\xbb.\xafs.\xe3\
<k\xedg\xefu\xaf\xfe<\x14\x18F\xa1P\xc8u\
:]\x7f\x81@\xe0M\xd3\xb4\x07\x806\x00\xec\x00\xc8\
\x00H@ \x10\xdeD-\x80*\x00%\x00\x1eS\x14\
\xf5\x80\xa6\xe9$\x81@\x10\x9f\x9c\x9c\x9c\xcadA\x14\
\x13F\xbc\xbc\xbcz\xebt\xba\xf7\x00\x8c\x01\xd0\x82\xbc\
?\x02\x815\x0a(\x8a\x8a\xd0j\xb5G\xd2\xd2\xd2\xae\
\xe9M\x00\xbaw\xef.V\xa9TSi\x9a^\x06\xc0\
\x93\xbc\x17\x02\x81s\xee\xd34\xbd\xde\xc9\xc9\xe9h\x5c\
\x5c\x9c\x863\x01P(\x14\x13h\x9a\xfe\x1a@[\xf2\
\x0e\x08\x04\xbd\x93E\xd3\xf4G\xa9\xa9\xa9\xa7Y\x15\x00\
\x85B\xd1\x9a\xa6\xe9]\x00\x02\x88\xcf\x09\x04\xde\x11-\
\x10\x08f'''\xe72.\x00\x0a\x85b$M\xd3\
\x07\xf1\xdb\x82\x1e\xc1@\xf0\xf5\xf5\x85\x9d\x1ds\xaf\xec\
\xec\xd9\xb3\xa0i\x9a8\x96\xbf<\xa7i\xfa\xfd\xd4\xd4\
\xd4(\xc6\x04@\xa1P\xac\xa4iz5\x18Z4$\
p\xc7\xc1\x83\x07\xe1\xeb\xeb\xcb\x98=ooo\xe8t\
:\xe2X~C\xd34\xbd\x2255\xf5\x8b7\xfdC\
\xc1\x9b\xfe\xbb\xa7\xa7\xe76\x9a\xa6?%\x8d\x9f@0\
\x18(\x8a\xa2\xd6\xc8\xe5\xf2-oj\xe3\xaf\xfd\x8fr\
\xb9|#EQs\x89?\x09\x04\x83d\xbeB\xa1\xd8\
\xd6(\x01P(\x14+\x01, >$\x10\x0cz.\
0G.\x97/o\x90\x00xzz\x0e\xff}\xceO\
 \x10\x0c\x9f5r\xb9|t\xbd\x04@\xa1P\xb4\xa6\
(\xea0\x99\xf3\x13\x08\xc6\xb3&\x00`\x9f\x97\x97W\
\xab7\x0a\x00M\xd3\xdf\x80l\xf5\x11\x08\xc6\x86\xbdN\
\xa7\xdb\xf3Z\x01\x90\xcb\xe5\x81\x00\x86\x11_\x11\x08F\
\xc9\x10OO\xcf1\xaf\x14\x80\xee\xdd\xbb\x8b\x01|E\
|D \x18\xf1\x5c\x80\xa2\xc2\x06\x0c\x18 \xfa\x9b\x00\
\xa8T\xaai g\xfb\x09\x04c\xc7\xbd\xa8\xa8h\xf2\
_\x05\x80\xa2i\xfa?\xc47\x04\x82I\xf0\xbf\x7f\x12\
\x00//\xaf\xb7@\xae\xf4\x12\x08\xa6\x82B\xa1P\xf8\
\xfd!\x00:\x9dn:\xf1\x09\x81`:\xd04\xfd\xde\
\x0b\x01\xa0\x00\x8c&.!\x10L\x8aq\x00 P(\
\x14\x9e a\xbc\x08\x04S\xc3\xb9c\xc7\x8e\x1d\x05:\
\x9d\xae?\xf1\x05\x81`z\x08\x85\xc2\x01\x02\x81@\xe0\
M\x5ca\x9cH\xa5RH$$\x103\xe1\x1f\xf1\x12\
\xd14\xdd\x91\xf8\xc1p\x91\xc9dpss\x83\x87\x87\
\x07\xdc\xdc\xdc\xe0\xea\xea\x8a\x96-[\xc2\xd9\xd9\x19\xb6\
\xb6\xb6\x8c\x977w\xee\x5c\x14\x16\x16\xa2\xb0\xb0\x10\x05\
\x05\x05x\xfa\xf4)\x94J%y\x11\x06\x08EQ\x1d\
)\xb9\x5c\xfe\x10\x80\x1bq\x07\xff\xb1\xb4\xb4\x84\x97\x97\
\x17|||\xe0\xed\xed\x8d\x8e\x1d;\xc2\xc5\xc5E\xef\
\xf5*))AVV\x16\xb2\xb3\xb3\x91\x95\x95\x85\xcc\
\xccL$''\x13a\xe0?\x99\x94\x5c.\x7f\x06\xc0\
\x9e\xf8\x82\x7fX[[\xc3\xcf\xcf\x0f\xbdz\xf5\x82\xaf\
\xaf/\xdc\xdc\xdc \x10\x08\x0c\xa6\xfe\xb9\xb9\xb9HN\
NFrr2\xee\xdc\xb9\x83\xe4\xe4dh\xb5Z\xf2\
b\xf93\x02(\xa6\xe4r\xb9\x0a$c\x0f_^\x08\
\x14\x0a\x05\x06\x0d\x1a\x84\xb7\xdf~\x1b\x9d:u\x82P\
(4\x9a\xe7\xab\xaa\xaaBBB\x02n\xdd\xba\x85\xeb\
\xd7\xaf#55\x95\x04\x18\xd5/*J.\x97\x937\
\xa0GD\x22\x11\xdez\xeb-\xf8\xfb\xfbc\xc0\x80\x01\
ptt4\x99g/,,\xc4\xc5\x8b\x17\x11\x1b\x1b\
\x8b\x1b7n@\xa5R\x91\x0f\x82\xebN\x87\x08\x80~\
z\xfa\xce\x9d;c\xc4\x88\x11\x182d\x08\xa3a\xbb\
\x0d\xb6+R\xa9\x10\x1b\x1b\x8b\xe8\xe8h\x5c\xbe|\x19\
uuu\xe4C!\x02`\x5c888`\xec\xd8\xb1\
\x18?~<Z\xb5jE\x1c\xf2\x0f(\x95J\x9c;\
w\x0e\x11\x11\x11\xf8\xf5\xd7_\x89C\x88\x00\x18vo\
\xdf\xb3gOL\x9c8\x11\xfe\xfe\xfe\x10\x89D\xc4)\
\x0d\xe0\xe1\xc3\x878y\xf2$\x22##Q^^N\
\x1cB\x04\xc00\x10\x8b\xc5\x18>|8\x82\x83\x83\xd1\
\xbe}{\xe2\x90&R[[\x8b\x9f~\xfa\x09\x87\x0e\
\x1dBzz:q\x08\x11\x00~bii\x89I\x93\
&!((\x08\xcd\x9b7'\x0ea\x18\x9a\xa6q\xed\
\xda5\x1c8p\x00\xd7\xae]#\xbb\x08D\x00\xf8\x81\
L&\xc3{\xef\xbd\x87\xf7\xdf\x7f\x1f\xd6\xd6\xd6\xc4!\
\x1c\x90\x96\x96\x86\xed\xdb\xb7#66\x96\x08\x01\x11\x00\
\xfd`aa\x81\xa9S\xa7\x2288\x18\xcd\x9a5#\
\x0e\xd1\x03\xf7\xef\xdf\xc7\xf6\xed\xdb\x11\x1f\x1fO\x84\x80\
\x08\x007\x08\x04\x02\x8c\x1d;\x16\xf3\xe7\xcf7\xa9\xbd\
{>s\xef\xde=|\xfd\xf5\xd7d\xe7\x80\x08\x00\xbb\
\xf8\xf9\xf9a\xd9\xb2e\xe8\xd4\xa9\x13q\x06\x0f\x89\x8f\
\x8f\xc7\x97_~\x89\x9c\x9c\x1c\xe2\x0c\x22\x00\xcc\xe1\xe4\
\xe4\x84\xe5\xcb\x97c\xf0\xe0\xc1\xc4\x19<G\xadV#\
<<\x1c;v\xec@uu5q\x08\x11\x80\xa6\x0d\
\xf7\xc7\x8f\x1f\x8f\x8f>\xfa\x08\x96\x96\x96\xc4!\x06D\
QQ\x116m\xda\x84\xc8\xc8H\xe2\x0c\x22\x00\x0d\xc7\
\xd3\xd3\x13\x9f\x7f\xfe9<=I\xd0dC&66\
\x16k\xd6\xac\xc1\xd3\xa7O\x893^\xee\xdc\x88\x0b^\
\x8dP(DHH\x08\x8e\x1d;F\x1a\xbf\x110p\
\xe0@DFF\x2200\x908\x83\x8c\x00^\x8f\x9b\
\x9b\x1b\xd6\xad[\x07///\xe2\x0c#\xe4\xf2\xe5\xcb\
X\xb9r%\x0a\x0b\x0b\x89\x00\x10\x01\xf83\x13&L\
@hh(\xcc\xcd\xcd\x8d\xea\xb9\xea\xea\xeaP^^\
\x8e\xb2\xb22\x94\x95\x95A\xa3\xd1\xa0\xb2\xb2\x12:\x9d\
\x0eZ\xad\x16j\xb5\xfa\x8fg\x16\x8b\xc5\x90J\xa5\x90\
\xc9d\xb0\xb6\xb6\x86\xb5\xb55lll\x8c*6A\
YY\x19V\xacX\x81_~\xf9\x85\x08\x00i\xf6\xbf\
\x1d\xe1]\xb5j\x15\x86\x0d3\xdc\xe4\xc8\x05\x05\x05H\
OOGvv6\x9e<y\xf2\xc7\x9f\x82\x82\x02T\
UU5\xd9\xbe\x9d\x9d\x1d\x9c\x9c\x9c\xe0\xe4\xe4\x84\x96\
-[\xc2\xc5\xc5\x05\xee\xee\xeepss\x83\xb3\xb3\xb3\
AE+\x02~;V\x1c\x1e\x1e\x8e\x0d\x1b6@\xad\
V\x13\x010U<==\xb1q\xe3F\xb4n\xdd\xda\
`\xea\x5cXX\x88\xc4\xc4D\xdc\xb9s\x07\xa9\xa9\xa9\
x\xf0\xe0\x01***\xf4V\x1f\x89D\x82\xf6\xed\xdb\
C\xa1P\xc0\xcb\xcb\x0b^^^h\xdf\xbe\xbdA\x8c\
\x1aRRR\xb0x\xf1b\xe4\xe5\xe5\x11\x0105\x86\
\x0d\x1b\x86\xcf?\xff\x9c\xf7C\xfe\xd2\xd2R\x5c\xbdz\
\x15\x97/_\xc6\xed\xdb\xb7\x91\x9f\x9f\xcf{\xdf\xcad\
2t\xef\xde\x1d={\xf6\x84\x9f\x9f\x1f:u\xea\xc4\
\xdbQ\x82R\xa9\xc4\xd2\xa5Kq\xf9\xf2e\x22\x00\xa6\
\x80P(\xc4\x82\x05\x0b0c\xc6\x0cP\x14\xc5\xcb:\
fgg\xe3\xe7\x9f\x7fF||<\x92\x93\x93\xa1\xd3\
\xe9\x0c\xda\xe7vvv\xe8\xdf\xbf?\x06\x0e\x1c\x88>\
}\xfa\xf0Nt\xb5Z-6o\xde\x8c}\xfb\xf6\x11\
\x010fd2\x19\xc2\xc2\xc2\xd0\xaf_?\xde\xd5-\
77\x17\xd1\xd1\xd1\x88\x89\x891\xea{\xef\xe6\xe6\xe6\
x\xfb\xed\xb71j\xd4(\xf4\xed\xdb\x17fff\xbc\
\xa9[tt4V\xacXa\x121\x0aMN\x00\x9a\
7o\x8eo\xbe\xf9\x86W\xe7\xf8\xeb\xea\xeap\xfe\xfc\
y\x9c8q\x02\xb7n\xdd2\xb9\x1bm\xd6\xd6\xd6\x08\
\x08\x08@`` \xe4r9/\xea\x94\x98\x98\x88\xb9\
s\xe7\xa2\xac\xac\x8c\x08\x80\xb1\xe0\xee\xee\x8e\x9d;w\
\xc2\xd9\xd9\x99\x17\xf5y\xfa\xf4)\xc2\xc3\xc3q\xfa\xf4\
i\xa3\xff\xd0\xea\x8b\x8f\x8f\x0f&O\x9e\x8c\x80\x80\x00\
\xbd\xa75\xcb\xce\xce\xc6\xec\xd9\xb3\x8dzq\xd0d\x04\
\xa0[\xb7n\xd8\xbe};/\x82u\xdc\xbf\x7f\x1f\x07\
\x0f\x1e\xc4\xcf?\xff\x0c\x8dFCZ\xfd?\xac\x17\x04\
\x05\x05a\xea\xd4\xa9\xb0\xb2\xb2\xd2[=\x9e?\x7f\x8e\
9s\xe6 %%\x85\x08\x80\xa1\xd2\xabW/l\xdb\
\xb6\x0dR\xa9T\xaf\xf5HJJ\xc2\xd6\xad[q\xe5\
\xca\x15\xd2\xc2\xeb\x89\xa5\xa5%&N\x9c\x88\xe0\xe0`\
\xbd\x85O\xaf\xa8\xa8\xc0\x9c9sp\xe7\xce\x1d\x22\x00\
\x86F\xdf\xbe}\xb1i\xd3&\xbd\xae8gdd\xe0\
\x9bo\xbe\xc1\xd9\xb3gI\xc4\x9aF\x22\x95J1u\
\xeaT\xcc\x9c9S/#\x02\x95J\x85\xf9\xf3\xe7\xe3\
\xea\xd5\xabD\x00\x0c\x05\x7f\x7f\x7fl\xd8\xb0\x01b\xb1\
X/\xe5\xbf\xb8\x8a\xfa\xc3\x0f?\x18\xfc\x16\x1e_\xb0\
\xb5\xb5\xc5\x9c9s0y\xf2d\xce\x0f\x19\xa9T*\
,\x5c\xb8\x10\x97.]\x22\x02\xc0wz\xf7\xee\x8d\xed\
\xdb\xb7\xebe{I\xadV\xe3\xbb\xef\xbe\xc3\xd6\xad[\
QYYIZ-\x0b\xb4k\xd7\x0e\xcb\x97/G\xef\
\xde\xbd9\x7f\xb7\xf3\xe7\xcf7\x1a\x110J\x01\xe8\xd5\
\xab\x17v\xec\xd8\xa1\x97U\xe4\x1b7n`\xd5\xaaU\
\xc8\xcd\xcd%\xad\x94\x03\x86\x0d\x1b\x86\xd0\xd0PN\xd7\
\x07T*\x15f\xce\x9ci\x14\xb1\x07\x8dN\x00\xbav\
\xed\x8a={\xf6p\xbe\xe0\xa7T*\x11\x16\x16\x86S\
\xa7N\x91y>\xc7\xd8\xd9\xd9!44\x94\xd3\x8b\x5c\
\x95\x95\x95\x08\x09\x09Arr2\x11\x00\xbe\xe0\xee\xee\
\x8e\xf0\xf0p\xce\xb7\xfa.^\xbc\x88\x95+W\xa2\xb8\
\xb8\x98\xb4F=\xe2\xef\xef\x8fO?\xfd\x14\xb6\xb6\xb6\
\x9c\x94WVV\x86i\xd3\xa6\xe1\xd1\xa3GD\x00\xf4\
\x8d\xa3\xa3#\x8e\x1e=\xca\xe9!\x9f\xda\xdaZl\xdf\
\xbe\x1d\x07\x0e\x1c \x8b|<\xc1\xde\xde\x1e\xeb\xd6\xad\
C\x9f>}8)///\x0fS\xa7N\xc5\xf3\xe7\
\xcf\x0d\xd2_BGG\xc7\xd5\x86\xfe\xd2e2\x19\xf6\
\xee\xdd\x0b777\xce\xcaLOO\xc7\xcc\x993q\
\xe1\xc2\x052\xe4\xe7\x11555\x88\x8a\x8a\x82F\xa3\
A\x8f\x1e=X\xbf}hmm\x0d__\xdf?\xca\
$\x02\xc01\x02\x81\x00\x9b6mB\x8f\x1e=8+\
3**\x0a\xf3\xe6\xcd#C~\x9eB\xd34\x12\x12\
\x12p\xf7\xee]\xf4\xef\xdf\x9f\xf53 \xcd\x9b7G\
\x87\x0e\x1d\x10\x13\x13cp\x9d\x81\xc1\x0b\xc0\xc2\x85\x0b\
1n\xdc8N\xca\xd2j\xb5\xd8\xb4i\x13\xbe\xfa\xea\
+r\x84\xd7\x00\xc8\xcd\xcdETT\x14z\xf4\xe8\xc1\
z\xa2\xd6v\xed\xdaA(\x14\xe2\xc6\x8d\x1bd\x0d\x80\
+\x02\x02\x02\x10\x16\x16\xc6\xc9}\xfe\xf2\xf2r,X\
\xb0\x00\xb7n\xdd2\xec\xdeQ,\x81Vj\x05\x9d\xc8\
\x0c:\x0b\xeb\xdf\xfeWl\x0e\x9d\xf4\xb7|\x07\x94\xa6\
\x0e\x02u-(u-\x84\xd5\xca\xdf\xff\x94\x83\xd2i\
\x0d\xf6\x99\xa5R)6l\xd8\x80\xfe\xfd\xfb\xb3>\xf2\
X\xbcx1\xce\x9e=K\x04\x80m<<<p\xf4\
\xe8QN\xb6\xfb\xf2\xf2\xf20{\xf6ldgg\x1b\
\x8c\x7f\xd4v\xce\xa8q\xee\x00\xb5C+\xd4\xd9\xbb\xfe\
\xf6\xc7\xc1\x15jkG\xa0\x81\x82I\xe9\xb4\x10\x95\x17\
C\x5cV\x08\xb3g\xb9\x90\x14f\xc1\xfci\x16$\xf9\
\x19\x10U\x95\x1a\xc6PW(\xc4\xca\x95+1a\xc2\
\x04V\xcb\xa9\xae\xae\xc6\xb4i\xd3\x0c&\x96\x83A\x0a\
\x80\x85\x85\x05N\x9c8\x81\xb6m\xdb\xb2^\xd6\xdd\xbb\
w1o\xde<\x94\x94\x94\xf0\xf8-\x0a\xa0rj\x87\
\xeav]P\xdd\xd6\x07\xd5\xed\xba@c\xc3M\xc2R\
\xb3\xe7O }\x9c\x04\x8bG\xf7`\x99q\x13\xe2\x12\
~\x87*\x9b3g\x0e\xe6\xcd\x9b\xc7j\x19\x8f\x1f?\
F`` #\x81X\x89\x00\xbc\x82u\xeb\xd6a\xd4\
\xa8Q\xac\x97s\xeb\xd6-\xcc\x9d;\x97\x97/\x92\x16\
\x08Q\xe5\xde\x1d\xca\xce\x83Q\xa1\xe8\x07\xad\x855/\
\xeae\xf6,\x17\x96\xa9Wa\x9d\x14\x0b\x8b\x9cd\x80\
\xe6\xdf\xf6\xe8\x94)S\xf0\xf1\xc7\x1f\xb3:u\x8c\x89\
\x89\xc1\x92%K\xf8?22\xb4E\xc0\xb1c\xc7b\
\xce\x9c9\xac\x97s\xf1\xe2E\xcc\x9f?\x1f555\
\xbc\xea\xe9\xab\xdc\xbb\xe1\xf9\xc0\xe9\xc8\x9f\x10\x8a\xb2^\
c\xa0r\xf1\x00-\x96\xf0\xa6\x8aZ\x0b\x1b\xd4\xb4\xf1\
B\x99\xef\x08\x94\xfa\x8e\x84\xc6\xda\x11\xe2\xf2b\x88\xaa\
\xf8\x13\xf0$99\x19\xcf\x9e=C\xbf~\xfdX\x13\
\x81\xf6\xed\xdb\xe3\xe9\xd3\xa7HMM%#\x00\xa6h\
\xdb\xb6-N\x9e<\xc9\xfa\xbc\xff\xec\xd9\xb3\xf8\xcf\x7f\
\xfe\xc3\x9bX\xf1:3)\xca|G\xa0\xa4O \xea\
\xec]\x0dq\xc9\x06\xd2\xc7I\xb0\xbb~\x1a\xd6w/\
\x80\xd2\xf2\xc3\xafS\xa6L\xc1'\x9f|\xc2\x9a}\x95\
J\x85\xc0\xc0@dee\x91\x11@S\x11\x08\x04\xd8\
\xb2e\x0b\xeb\xb1\xfbccc\xb1d\xc9\x12^l\xf3\
\xa9m[\xe0\x99\xff\xff \x7f\xcajT(\xfa\xf3f\
\x98\xdf\x184\xcd\x9cP\xe1\xd5\x1fe\xbe#A\x8b\xc4\
0/|\x08JS\xa7\xf7\x91\x80Z\xadF\xaf^\xbd\
X\xb1/\x12\x89\xd0\xa5K\x17\x9c>}\x9a\xb7'E\
\x0dF\x00f\xcc\x98\xc1\xfa~\xff\xd5\xabW\xb1`\xc1\
\x02\xbd\xf7\xfc\x1a\x1bG<\x1d\xb5\x08\x05\x13\x96\xa3\xba\
mg\xd0\x223\x18\x0b:\x89\x05\xaa\xda\xf7@i\xcf\
1\xa0\x85bH\x0b2@i\xf4\xe7\xef_\x7f\xfd\x15\
\x12\x89\x04\xdd\xbauc\xc5\xbe\xa3\xa3#\xd4j5\x12\
\x12\x12\xc8\x14\xa0\xb1t\xe8\xd0\x01\xdf\x7f\xff=\xabw\
\xfb\x13\x12\x120k\xd6,\xbd\x86\x82\xd6\x99\x99\xa3\xa4\
\xf7\x04<\x1b\xf4?\xd0I,`\x0a\x08\xab\x95\xb0\x8f\
\x0f\x87\xfd\xa5\xef\xf465\xa0(\x0a_|\xf1\x05F\
\x8f\x1e\xcd\xceHN\xad\xc6\xa4I\x93\xf0\xe0\xc1\x03\x22\
\x00\x8d\x19\xfa\x1f=z\x14\xde\xde\xde\xac\x95\x91\x9d\x9d\
\x8d\xa9S\xa7B\xa9T\xea\xe9!\x85(\xf5\x1d\x89\xe2\
w?\x80\xc6\xd2\x0e\xa6\x88\xa4(\x1b-\x22\xff\x0f\xb2\
\xcc\xdbz)_,\x16c\xcf\x9e=\xf0\xf5\xf5e\xc5\
~jj*&M\x9a\x04\xad\x96_\x07\xaax?\x05\
\x984i\x12\xab9\xddKJJ\x10\x1c\x1c\xac\xb7s\
\xfdu\xf6.\xc8\x9d\xfe%J{\x8f\x87\xceL\x0aS\
E+\xb3Ey\xf7\xa1\xa8uj\x07Y\xf6\x1d\x08\xea\
\xb8\x1d\x89\xe9t:\xc4\xc6\xc6\xc2\xdf\xdf\x1f\xcd\x9a5\
ce*\xa0T*q\xf7\xee]2\x02\xa8/\xf6\xf6\
\xf6\x88\x8a\x8ab-\x08\xa4J\xa5Bpp0\xee\xdd\
\xbb\xa7\x07\xcf\x0b\xf0\xbcO \x8a\x02f\xf3j\x1b\x8f\
\x0f\x88\xaaJ\xd1\xf2\xc4ZX\xa5r\x1f=\xd9\xdd\xdd\
\x1d\xc7\x8f\x1f\x87\x85\x05\xf3S\xb0\xaa\xaa*\x8c\x1c9\
\x12\x85\x85\x85d\x04P\x1fV\xaf^\xcd\xea\xd0\x7f\xd5\
\xaaU\x88\x8f\x8f\xd7S\xaf\xbf\x1ee=G\x03B\x11\
i\xf1\x7f[\x0b\x91B\xd9\xe5]h\xac\x1d {\x98\
\x00J\xcb\xdd\x8eLii)\xb2\xb2\xb2\x10\x10\x10\xc0\
\xf8\x19\x01333\xb4l\xd9\x12?\xff\xfc3\x11\x80\
7\xd1\xb5kW,[\xb6\x8c\xb5\x83\x1a\xc7\x8e\x1d\xc3\
\xee\xdd\xbb9\x7f\xae\x0a\xf9\xdb\xc8\xf9`3\xea\x1cZ\
\xe9\xef\xa5\xab*aV\x92\x0fq\xe9SH\x8a\x1e\xc1\
\xbc(\x1b\xe6\xf9\x99\x90\x14f\xff\xf6\xf7e\x850+\
{\x0aa\xb5\x12\x22\xe53\x08\xeaj TU\x014\
\xcd\xe9hE\xe5\xda\x09\x15\xf2\xbe\xb0|x\x1b\xc2\xea\
r\xce\xca\xcd\xce\xce\x86\x95\x95\x15:w\xee\xcc\xca\x08\
#11\x9171#y9\x05\xa0(\x0a\xe1\xe1\xe1\
\xe8\xd2\xa5\x0b+\xf6\xef\xde\xbd\x8b\xf7\xdf\x7f\x9f\xdb\xed\
>\x8a\xc2\xb3\x81\xef\xa3\xe8\xdd\x0f\x00\x8a\x9b\x14\xd9\x82\
\xba\x1aHsR`\xf18\x09fE\x8faV\xf2\x04\
f\xcf\xf2\x9a\xd4\x98h\xa1\x08ZY3h\xac\x1dP\
g\xe7\xfc\xdb%#\xc76\xa8q\xf6@\x9dS[\xd0\
\x02\xe6Cu\x0bTUp\xf9\xfesX\xa5\x5c\xe4n\
\x1a\x22\x12!<<\x9c\x95\x11hzz:&L\x98\
\xc0\x8b\x05A^\x0a\xc0\xd0\xa1C\x11\x16\x16\xc6\x8am\
\xa5R\x891c\xc6p:\x0f\xd3\x99\x99#?\xf0\x13\
(}\x06\xb1\x5c\x90\x16\xb2\xac;\xb0J\xbd\x0c\x8bG\
\xf7 \xc9\xcf\xe0\xf4\x1a\xafN,AM\xdb\xce\xa8\xf4\
\xe8\x89\x0a\xf9\xdb\xcc\x8erh\x1d\x9cbv\xc2>.\
\x9c\xb3\xe7i\xd7\xae\x1dN\x9e<\xc9J@\x91\x95+\
W\xe2\xbf\xff\xfd/\x11\x80W\xcd\x93~\xf8\xe1\x07\xb8\
\xba\xb2s\xe4u\xf1\xe2\xc5\x9c\xce\xc14\xd6\x0e\xc8\x09\
\xde\x00\x95s\x07v\x0a\xa0u\x90e&\xc0:\xe9\x17\
X\xa7\x5c\x84\xb0\x92?\xd7s\xab\xdbx\xa3\xb4\xd7\x18\
(\xbb\xbc\xcb\xd8\xc8\xc0\xf6F$ZD\x84q&l\
\x93&M\xc2\xca\x95+\x19\xb7[TT\x84\xe1\xc3\x87\
\xa3\xba\xba\x9a\xac\x01\xbc\xcc\xe4\xc9\x931|\xf8pV\
lGFFr:\xefW\xdb4\xc7\xe3\x0f\xb7\xa1\xd6\
\xa9\x1d\xf3\xc3\xe2\x9aJ\xd8]?\x05\xd7\xe3\x9f\xc2\xee\
\xca\x09H\x9f<\xe0|\xeb\xecM\x88\xcb\x8b`\x9dr\
\x116w~\x86\xc6\xca\x0e\xb5-\x9a\x1e\xb3Q\xe5\xda\
\x09u-\xdca\x95r\x11\x14\x077\x0d\xef\xdf\xbf\x8f\
\xee\xdd\xbb3\xde!\xc9d2\xa8T*\xbd\x9f\x10\xe4\
\xd5\x08@\x22\x91 &&\x86\x95\xf0MO\x9e<\xc1\
\xd8\xb1c9\xbb\xda\xab\xb6s\xc6\xa3Y[\xa1\xb6m\
\xc9l\xa3*}\x0a\x87\xf8oa\x93\x10\x0dA]\x0d\
\x0c\x89\xca\x0e~\xc8\x9f\xf8\x094\xd6\x0eM\xb6e\xf9\
\xe0:\x5c\x8f\x84B\xa0\xaee\xbd\xde\xadZ\xb5BD\
D\x04\xe3S\x81\xf2\xf2r\xbc\xfb\xee\xbbz\xcd\x1e%\
\xe0\xd3\x07\x12\x18\x18\xc8Z\xec\xb6O?\xfd\x94\xb3\xc6\
_\xe7\xd8\x1a\x8ff\x7f\xc3h\xe3\x17V+\xe1\x14\xb5\
\x15\xed\xc3&\xc3\xf6\xda\x7f\x0d\xae\xf1\x03\x80e\xc6M\
\xb8mz\x1f\x16Y\x89\x0c\xac\xabH9[L\xcd\xcd\
\xcd\xc5\xf6\xed\xdb\x19\xb7kcc\x83\xa0\xa0 2\x02\
`\xbb\xf7?s\xe6\x0cBCC\xb9i\xfc\xf6.x\
4\xfb\x1bFz9\x00\xa0\xb4\x1a\xd8]:\x0e\x87\xd8\
\xc3\x10\xaa\x8c#\xcf -\x96 o\xca\xa7\xa8P\xf4\
k\xd4\xef-\xb2\xef\xa2\xf5\xfe\xc5\x9c\x8a\xa0P(\xc4\
\xc9\x93'\xe1\xe1\xe1\xc1\xa8\xdd\x8a\x8a\x0a\xbc\xf3\xce;\
\xa8\xa8\xa80\xed5\x80\x09\x13&\xb0\x92\xda\xa9\xa4\xa4\
\x04\xf3\xe6\xcd\xe3\xe4\x92\x8f\xd6\xc2\x1a\x8fgm\x85\xda\
\x8e\x99\xe4$\xe6O\x1f\xa2\xf5\xc1\xa5h\xf6k\x0c\x04\
z\xbe:\xcbh\xaf\xa3\xd3\xc2&)\x16\x1a+{\xa8\
\x5c;5\xac\xf1?\xbe\x87\xd6\xfb\x97p>\x02\xa2i\
\x1a\x8f\x1e=b\xfc\xc2\x90D\x22Auu\xb5\xde\xd6\
\x02x1\x05\xa0(\x0a\xef\xbd\xf7\x1e+\xb67m\xda\
\x84\xd2R\xf6W\xc6i\xa1\x18yA_\xa0\xce\xb1\x0d\
#\xbd\xbeC\x5c8\xdam\x99\x01\xf3'\x0f`\x94\xe8\
\xb4hy\xfa+\xd8^;\xd5\xb0\xc6\xbfo1\x04\xb5\
\xfaY9\xbfq\xe3\x06\xce\x9d;\xc7\xb8\xdd\xa0\xa0 \
\xbd$\xb2\xe5\x8d\x00\x0c\x180\x00\xed\xda1\xbfR\x9e\
\x9a\x9a\x8a\xd3\xa7Os\xa1`\xc8\x0f\x5c\x8e*\xf7\xee\
M6%.-@\xbbm\x1f\xa0\xf9O;x\x139\
\x87\xc5n\x15-#7\xc2&\xe1\xa7\xfa\x0d\xfb\xf7.\
\xd2[\xe3\x7fAXX\x18\xe3\x07\xc8\xec\xec\xecX\xdb\
\xf92\x08\x01\x08\x0e\x0ef\xc5\xee\xfa\xf5\xeb9\x89\xc4\
R<x\x06\xca\xbb\x0ei\xb2\x1dY\xc6-\xb8m\x99\
\x01\xf3\xfct\x98\x0c\xb4\x0e.'\xd7\xc2:)\x96W\
s\xfe\x7f\x22//\x0f'O\x9ed\xdc\xee\x8c\x193\
XOc\xc6K\x01\xe8\xd4\xa9\x13\xbaw\xef\xce\xb8\xdd\
\xf3\xe7\xcfs\x92\xc4\xa3\xca\xbd;\x8a\xfd\x9b.`\xf6\
\x17\x8f\xa2\xcd\xfe\xc5\x9c\x9ey\xe7\xd3t\xc0\xe5\xd8j\
X\xa5]\xe1u\xe3\x7f\xc1\xae]\xbb\x18\x0f\x16\xdb\xae\
];\xd6B\x93\xf1Z\x00\xd8H\xd4\xa0\xd3\xe9\xb0e\
\xcb\x16\xd6\xeb\xae\x95Z!\x7f\xe2'M\xdb\x8e\xa2i\
8Em\x85S\xd46\xc0\x80\xb3\xef4}\xddC\x0d\
\xd7\xc3\xcba\xf9\xe0\xfa\x9f\xe7\xfc\x07\x96\xf0n\xcb\xb3\
\xb8\xb8\x18G\x8f\x1ee\xdc\xee\xc4\x89\x13MK\x00\xcc\
\xcd\xcd1b\xc4\x08\xc6\xedFGG\xe3\xe1\xc3\x87\xac\
\xd7?\x7f\xe2'P7sjR\xcf\xe7|j=\xec\
/\x1e\x03\xe1w\x118\x12\x0a\x8b\xacD\xbd/\xf8\xbd\
\x89\x83\x07\x0f2\xbe\xb34h\xd0 \xd6s\x18\xf2J\
\x00\x86\x0d\x1b\xc6x\xb0\x0f\xadV\x8b\x9d;w\xb2^\
\xf7\xd2\xb7\xc6\xa3B\xde\xb7\xf1\x1f\xbbN\x0b\xd7c\xab\
\xd0\xec\xe6\x19\xd2\xf2_\xfe \xd5\xb5h}\xf8?\xbc\
X\xf0{\x1d%%%\x8c/0\x0b\x85B\x8c\x193\
\xc6t\x04\x80\x8d(\xbfQQQ\xac\xe7\xf0S\xdb9\
\xe3\xe9\xf0&\xa4\x97\xa2i\xb4\xfc\xef\x97\xb0\xbe\xf7\x0b\
i\xf1\xaf\xfa(k*\x0d\xe2\xa4\xe3\xc1\x83\x07\x19\xbf\
\xd2;~\xfcxN\x92\xdd\xea]\x00\x5c\x5c\x5cX\xb9\
\xef\x7f\xe8\xd0!\xd6\xeb\xfet\xe4\x82&\x05\xc6h~\
n/\x9a\xdd\x8e\x22-\xdd\xc0\xc9\xcb\xcb\xc3\xf9\xf3\xe7\
\x19\xb5\xe9\xea\xea\xcaZ\x1c\x0c^\x09\xc0\xb0a\xc3\x18\
W\xbak\xd7\xae!--\x8d\xd5zWu\xf0k\xd2\
\xd0\xdf\xf6\xe6\x198\x5c8@Z\x8f\x91p\xec\x18\xf3\
\xeb7\x5c\x9e\x09\xd0\xab\x00\xb01$c\x13Z(F\
\xc1\xe8E\x8d\xfe\xbd4'\x05-\x22\xc2H\xab1\x22\
n\xdd\xba\xc5x*\xf0!C\x86@$\x12\x19\xaf\x00\
\xb4o\xdf\x9e\xf1K\x15999\xb8r\x85\xdd(\xb2\
\xcf\xfbNn\xf4Q_aM\x05\x5c\x8f\xae\xe04\xc0\
%\x81\x1b\xbe\xfb\xee;F\xed\xd9\xd9\xd9qv&@\
/\x02\xe0\xef\xef\xcf\xb8\xcd\x93'O\x82\xa6\xd9\xbb\xd8\
\xa8\x93Z\xe2\xf9\xc0F\xdeW\xa0i8\x7f\xbf\x06\xe2\
\xd2\xa7\xa4\xb5\x18!QQQ\x8co\x09\x0e\x1e<\xd8\
x\x05\xa0_\xbf~\x8c\xda\xd3j\xb58s\x86\xdd\xed\
\xb4\x92\xb7&@kn\xd98E\xbf\xfc=\xac\xee_\
\x22-\xc5H\xa9\xa8\xa8`<\xbc\xfc\x80\x01\x038\xd9\
\x0d\xe0\x5c\x00\xec\xec\xec\x18\x8f\xb4\x1a\x1b\x1b\xcbjf\
\x1f\x9dX\x82\xe7}\x1a\x97\x9dH\x5c^\x84\xe6gw\
\x93Vb\xe40\xdd\x019::B\xa1P\x18\x9f\x00\
\xf4\xed\xdb\x17B\xa1\x90\xd7\xce\xff+\xa5=\xc7@k\
i\xdb\xa8\xdf\xb6\x88\xdch\x90\xd1{\x08\x0d\xe3\xf2\xe5\
\xcb(++c\xd4\xe6\xc0\x81\x03\x8dO\x00\xfa\xf4\xe9\
\xc3\xa8\xbd\xca\xcaJ\x5c\xbe|\x99\xb5\xfa\xd2B\x11J\
\xfaNn\xd4o-\x1f\x5c\xe34\x96=A\x7fh4\
\x1a\xc4\xc5\xc51\xdeY\x1a\x9d\x000\x9d}\xf5\x97_\
~Am-{\x81!\x95\xde\x83\x1au\xde\x9f\xd2j\
\xd0\x22r#i\x19&\x04\xd3\xc1B:u\xea\x04k\
kk\xe3\x11\x80v\xed\xda1~\xd9\x81\xed\x18\xffe\
=\x1aw^\xc1\xe6\xd7\x9f`\xf6\xfc\x09i\x15&\xc4\
\xb5k\xd7\x18\x0d<+\x14\x0a\xd1\xa3G\x0f\xe3\x11\x00\
\xa6{\x7f\x95J\x85\xeb\xd7\xaf\xb37\xac\xb3qlT\
\x94\x1fJ\xab\x81\xc3/\x87H\x8b01jkkq\
\xed\xda5^\xb7\x19\xa3\x12\x80\x9b7o\xb2\x1a\xec\xb3\
\xac\xdbP\xa0\x11\x19m\x9a\xdd\x8e\x82YI>i\x11\
&:\x0a`\x92\x9e={\x1a\x8f\x00\xf8\xf8\xf80j\
\xef\xd2%v\xf7\xd6\xcb\xbb\x0fm\xd4\xef\xec.\x7fG\
Z\x82\x89r\xf5\xeaUF\xedu\xe8\xd0\x012\x99\xcc\
\xf0\x05\xa0Y\xb3fpqqa\xd4&\x9b\xab\xff*\
\xd7N\xa8m\xc4\xb1_Y\xd6\x1dH\x8a\x1e\x91\x96`\
\xa2\xe4\xe4\xe4 //\x8f\xb9\x06*\x10@.\x97\x1b\
\xbe\x00(\x14\x0aFO6\x15\x14\x14 ''\x87\xb5\
\xfaVz4\xee,v\xb3\xeb\x11\xa4\x15\x988\xb7o\
\xdff\xd4\x1e\x1b)\xca9\x17\x00///F\xed\xdd\
\xb9s\x87\xd5\xfaVvh\xf8z\x85\xb0\xba\x1c\xd6\xf7\
\xc9\xbe\xbf\xa9\xc3\xf4\xb7\xc9t\xdb\xd1\x8b\x00t\xec\xd8\
\x91Q{\x89\x89\x89\xac\xd5Ug&EM\x9b\x86;\
\xdd:)\x16\x14\x07\xc9*\x09\xa6%\x00F1\x05p\
ss3\x18\x01\xa8v\xef\x06Z(n\xf0\xef\xacR\
\xaf\x90\xaf\x9f\x80\xec\xecl(\x95J\xc6\xec\xb9\xb8\xb8\
0\x9e\x99\x98S\x01\x10\x0a\x85h\xd3\xa6\x0dc\xf6\xea\
\xea\xeaX\x8d\xfcS\xd9\xbe\xe1\xc3\x7fJ]\x0b\x8b\xcc\
\xdb\xe4\xeb'@\xa7\xd3\xe1\xc1\x03\xe6R\xba\x09\x04\x02\
V2gq&\x00\xae\xae\xae033c\xcc^f\
f&\xe3\xc1\x18_\xa6\xa6u\xc3oaYf\xde\xe6\
$W=\xc10`\xba\x83bz\x04\xcd\xa9\x000\xad\
^\x19\x19\x19\xecU\x96\xa2P\xdb\xa2\xe1\xce\x96e\xdc\
$_=\xe1\x0f\x98\x1c\x01\x00\x80\xbb\xbb\xbb\xe1\x0a\x00\
\xd3\xfb\xffL\xc7`\xfb\xd3\xf4\xc2\xb6%tf\xd2\x06\
\xffN\x9a\x9bJ\xbez\x02k\xdfh\xabV\xad\x0cW\
\x00Z\xb4h\xc1\xa8\xbd\xcc\xccL\xd6\xea\xda\x98\xde\x9f\
\xd2ia^\x90A\xbez\xc2\x1f<~\xfc\x98Q{\
\xce\xce\xceD\x00^\xc0\xe4I\xab\xbf\x0b@\xc3\x87Z\
\x92\xc2l\xb2\xfdG\xf8\x13\x95\x95\x95())a\xcc\
^\xcb\x96-Y\xa9\xa7\xc8\xd0\x04\x80\xa6i\x14\x14\x14\
\xb0\xb7\x04\xa0\xd3B\x96\xd1\xb0\xac\xc2\xb2\x87\x09\xe4\x8b\
'\xfc\x8d\x9c\x9c\x1c\xd8\xd9\xd91b\xcb\xc1\xc1\x01\x22\
\x91\x08\x1a\x8d\x86}\x01\xe8\xdf\xbf?\xda\xb7o\xcfX\
!m\xdb\xb6e\xccVqq1\xab\x01@\xec\xe3\xc2\
a\x1f\x17n4\x1f\xe1\xb0a\xc3X\xeb=\x08\xaf\xc7\
\xc2\xc2\x821[B\xa1\x10s\xe7\xceEeee\xa3\
~\x7f\xec\xd81TWW\xd7O\x00\x02\x02\x020j\
\xd4(^:5?\x9f\x5c\xb3m\x08\x13'Nd\xfd\
N9\x81\x1bf\xcd\x9a\xd5\xe8\xdf\x9e9s\xe6\x95\x02\
 04'<\x7f\xfe\x9c|\x09\x04\x02C\x18\x9c\x00\
0\x1dy\x95@ \x02@\x04\x80@ \x02`\x08\x94\
\x97\x97\x93\xb7F \x98\xaa\x000\x19u\x95@ \x02\
``\xa8\xd5j\xf2\xd6\x08\x04\x22\x00\x04\x02\xc1\xe4\x04\
\xa0\xae\xae\x8e\xbc5\x02\xc1T\x05\x80\xe9\xa3\x90\x04\x02\
\x11\x00\x03B,\x16\x93\xb7F \x98\xaa\x00\x88D\x22\
\xf2\xd6\x08\x042\x02 \x10\x08&'\x00\x12\x89\x84\xbc\
5\x02\xc1T\x05\xc0\xca\xca\x8a\xbc5\x02\xc1T\x05\xc0\
\xc6\xc6\x86\xbc5\x02\x81!DD\x00^\x8f=-@\
_\xb5\x18\xde\x1a\x11\x1cu\x14\xb4\x00\x9e\x09h\xdc\x16\
ipE\x5c\x87J\x8af\xa4\x1c\x0f\xad\x10o\xab\xcd\
\xd0^+\x80\x0d-@%E\xe3\x89@\x8b\xabb\x0d\
\xee\x884\xd0\x82&_+\x81\x08\x80\xad\xad-'\xe5\
Hi\x0a!*)\xc6\xd6\x9a\xc1\x0c\x7fOj\x1aP\
g\x86JH\xf1\xad\xb9\x0a\xc7$*h\x1b\x99\xf7\xb4\
\x8dV\x80\x7f\xabd\xf0S\xbf\xeaU\x88\x11X\x0b<\
\x12j\xb1\xd5\xbc\x1a7\xc5\xe4\x0c\x04\xc1\xc4\xa7\x00\xcd\
\x9b7g\xbd\x0cG\x1d\x85\x1d\x95V\x98T+ye\
\xe3\x7f\x81%(|\xa8\x92\xe2\xebj+\xc8\xe8\x86+\
\xc0[\x1a1vWZ\xffC\xe3\xff\xff\xb4\xd5\x0a\xf1\
u\x95\x15\x82T\xe6\xe4\x8b%\xb0?\x028z\xf4(\
\xe2\xe2\xe2\x18+d\xd9\xb2eprrb\xc4\x16\xdb\
\xf1\xed\xa44\x85\xaf\xab\xac\xe0\xae\x15\xd6\xfb7\xbej\
\x11>\xab\xb6\xc4\x7fd\x95\xf5\x1e\xaa{hE\xf8\xbc\
\xca\x12\x92z\x8e\xec\x05\x00>TIQ)\xa0\x11a\
\xa6\xbf\x08\xc4}\xfa\xf4\x81N\xa7#-\xa7\x1e\xac_\
\xbf\x1e\xfd\xfa\xf5c\xcc\xde\xea\xd5\xab\x1b\x9ds\xf0\x9f\
~\xf7J\x01HJJBRR\x12c\x15\x9f4i\
\x12c\x02`kk\x0b\xa9T\x8a\x9a\x9a\x1aV^\xda\
,\x95\xb4A\x8d\xff\x05~j\x11F\xd5\x9a\xe1\xb4\xe4\
\xcd\x8dS\x04\xe0\xb3*Y\xbd\x1b\xff\xcb\xfc\xbb\xda\x02\
7\x85j\xe4\x0b\xf5\xd3\x08\x95J%\x11\x00=tV\
Z\xad\x16\xa7N\x9db<%\x1e'S\x00\xa6\xc3x\
\xb35\x0ap\xa4\x05\x18]\xdb\xf8s\x063j\xa5\xaf\
\x9d2\xbc`h\xad\x19\x5ct\x8ds\xbd\x18@p\xad\
\x94\xb4.\x9eCQ\x14\x5c]]\x19\xb3\xf7\xec\xd93\
V\xf2a\x1a\xa4\x00\xb0\x95(q@\x9d\x19\x9ar\xce\
\xb0\x99\x8eBw\xcd\x9b\xd7U\xdfQ7\xed0S\x7f\
\xb5\xb8^BC\xd0\x1f\x8e\x8e\x8e\x90J\xa5\xbcmC\
\x9c\x0a\xc0\xd3\xa7O\x19\xb5\xc7d\xce\x82\x97\xf1\xd1\x88\
X\xb7!\x00\xe0\xd5\xc4r\xa44\x85\x0e\x8d\x98\xa6\x10\
\xb8\x83\xe9o\xd4\xa0\x05\x80\xe9<ileJu\xa0\
\x9b\xee\x0eG\xdd\xeb{fk\x1d\x05&n38h\
\xc9\x08\x80\xcft\xea\xd4\x89Q{\xb9\xb9\xb9\x86+\x00\
\x0f\x1f>d\xd4^\x87\x0e\x1dX\xa9\xa7\x8e\x81\xc36\
\xba7\x0c\xcdi\x86\xda\xad\x8e\x22\x02\xc0g\x98\xfeF\
\xb3\xb3\xb3\x0dW\x00JJJPZZ\xca\xe8\x1a\x00\
\x93i\x97^PL\xe9X\xb7\xa1\xa4h\xd42 4\
E\x94\x96\xb42\x13\x1a\x01dee\x19\xae\x000\xfd\
\x00B\xa1\x10\x0a\x85\x82\xf1:\xde\x115\xfd\xa4]\x82\
\xf8\xf51\x0bi\x00w\x9ax\xa2OI\xd1\xc8\x14\x12\
\x01\xe0+\x96\x96\x96\x8cNSi\x9a6\xec\x11\x00\x00\
dff2j\xcf\xdb\xdb\x9b\xf1:\xc6\x8b\xebP\xdb\
\x84\x91u\x91@\x87{\xf5\x10\x91s\xe2\xa6\xc55\xbc\
 \xae\x03Y\x02\xe0/>>>\x10\x0a\x99[\xa4}\
\xfa\xf4)k\xe1\xf09\x13\x80\xfb\xf7\xef3j\xafs\
\xe7\xce\x8c\xd7\xb1L@\xe3;3U\xa3\x7f\xbfG\xaa\
B}\xfa\xf6\xf3fux\xd8\xc8\x1e\x5cE\xd18,\
U\x91V\xc6c\xbav\xed\xca\xeb\xb6\xa3\x17\x01`\xf2\
d!\x00\xf4\xec\xd9\x93Q\x95}\xc1\x01i\x0d\xee\x88\
\x1a\x1ez<V\x5c\x87\x9f\xc5\xf5;\xa2\xab\x03\xb0\xd2\
\xa2\xb2\xc17\x09i\x00\xeb-\xaa\xf1\x8c\x22'\xf1\xf8\
\x8c\x9f\x9f\x1f\xa3\xf6\x92\x93\x93\x0d_\x00233\x19\
=\xbekee\xc5\xf8B\x0b\x00h\x00\xac\x90U!\
\xb1\x01\xeb\x01\xe7\xcd\xea\xb0FV\xdd\xa0\xa5\xbd\x1c\xa1\
\x0eK-+Q*\xa8\xdf\xaf\xd4\x00\xbe\xb6\xa8\xc6y\
1\x09\x8b\xceg\xa4R)|||\x88\x00\xfc\x15\xad\
V\x8b\xd4\xd4TFm\xf6\xea\xd5\x8b\x95\xba\x96S4\
\x16YV`\xa7\xb4\xe6\xb5\xbdt1\xa5\xc3:\x8b*\
|fQ\x85\xbaF\xac\xec'\x0b5\x08\xb1R\xe2g\
\xb3Z\xbc\xaeO\xbf+\xd2`\x8e\xa5\x12?\xe8\xf1\x12\
\x10\xa1\xfe\xbd\xbf\x99\x99\x19c\xf6h\x9afu\x0a\xc0\
i<\x80\xc4\xc4Dt\xeb\xd6\x8d1{}\xfb\xf6\xc5\
\xbe}\xfbX\xa9\xab\x06\xc0\xb7\x12\x15\xfekV\x8b\x9e\
j\x11|\xb4\x228\xea\x04\xd0P\xbf5\xfc\x04\x91\x1a\
w\xc4\x1a45OQ1\xa5\xc3\x1a\x8bj\xec6W\
\xa1\x8fZ\x0cw\xad\x10\xb64\x85*\x0a\xc8\x11hq\
]\xac&+\xfe\x06D\xef\xde\xbd\x19\xb5\xf7\xe8\xd1#\
V3bs*\x007o\xde\xc4\x8c\x193\x18\xb3\xd7\
\xad[7\xd8\xda\xda2z\xc6\xe0\xaf\xa8(\x1a\xf1f\
j\xc4\x83\xdd\x94dE\x02]\xbdn\x12\x12\xf8\x0bE\
Q\xf0\xf7\xf7g\xbc\xcd\xb0\x09\xa7\x01A\x12\x12\x12\x18\
\xcd\xec#\x14\x0a\x19\xbdoM 4\x05\x85B\xc1\xf8\
M\xd5[\xb7n\x19\x8f\x00TWW3\xbe\xa0\xc1\xb4\
\xe2\x12\x08|\xf9\x16i\x9a6.\x01\x00\x80\xeb\xd7\xaf\
3j\xafO\x9f>$T8\x81\x17\xc3\xffa\xc3\x86\
1j3;;\x1b\xcf\x9e=3.\x01\xb8x\xf1\x22\
\xa3\xf6\xcc\xcd\xcd1d\xc8\x10\xf2\x05\x12\xf4J\xd7\xae\
]\x19\x0d\x00\x02\x80\xd1\xb0|\xbc\x11\x80\xa4\xa4$\xc6\
Um\xe4\xc8\x91\xe4\x0b$\xe8\x95Q\xa3F1n\xd3\
(\x05@\xa7\xd31>\x0a\xe8\xde\xbd;\xe3\xeaK \
4d\x14\x1a\x10\x10\xc0\xa8\xcd\xf2\xf2r$&&\xb2\
^w\xbd\xe4\x05\x88\x8b\x8b\xc3\xb8q\xe3\x18\x9d\x7fM\
\x9c8\x11\x1b7nd\xbc\xae^\x1a!\xfc\xd5\x12\xf8\
hDp\xa0)hi\xa0X\xa0\xc3\xafb\x0d\xce\x89\
\xeb\x90\xc5\xc0\x1e\xbd\x08\xbf\x85#\xeb\xa7\x16\xc3M'\
B3\x1d\x85J\x8aF\xbeP\x87+\xa2:\x9c3\xab\
\x83\x92\x22\x89A\xf8\xca\x88\x11#\x18_\x87\xbax\xf1\
\x22+1\x00y!\x00W\xae\x5cAUU\x15d2\
\x19c6\xc7\x8d\x1b\x87\xed\xdb\xb7\xa3\xb6\x96\x99\xbd\xf4\
\xe6:\x01\x96\xd6X\xa0\x97\xfa\xef\xf1{\x1c\xb5\x02\xc8\
\xb5\x22LU\x99\xe3\xac\xb8\x16\x9be5\xa8l\xe4\x1d\
\x7f?\xb5\x08\x8bkd\x7f\x0b\x12jCSp\xd1\x09\
\xe0\xab\x16\xe1\x03\x95\x14\xfb\xcdU8!\xd1\xff%\xa0\
\x85\x0b\x17\xf2\xa2\xd1\xc5\xc7\xc7#!!\x81\x17u\x99\
8q\x22\xe36\xcf\x9f?\xcfI\xdd\xf5\x22\x00*\x95\
\x0a\x17.\x5c`t\xdedkk\x8b\x80\x80\x00DF\
F6\xd9\x96\x87V\x88\xaf\xab,a\xf7\x86\xc8\xbd\x02\
\x00\x01j\x09\xe4\x15b,\x92U\xa0H\xd0\xb0K:\
ck%XP#\x85\xf0\x0dQ\x84,i\x0a\xff\xae\
\x91\xa2\xa3V\x80\xb5\x16\xd5\xd0\xe7U\xa0\x90\x90\x10^\
4\xba\x92\x92\x12^\x08\x80\x8f\x8f\x0f\xe3\xb1)**\
*p\xe9\xd2%N\xea\xaf\xb7\xcc@\xd1\xd1\xd1\x8c\xdb\
\x9c6mZ\x93m8\xd0\x02|Y\xf9\xe6\xc6\xff2\
\xad\xb5\x02|\xd9\x80$\x1f\x00\xd0Om\x86\x855\x16\
ol\xe3\x05\xa6\xfd\x00\x00\x10\xd8IDAT\xfc/\
3\xa4N\x82Y5$$8\x9f\x08\x0e\x0ef\xa5\xf7\
gj$\xcb[\x01\xb8z\xf5*JJJ\x18\xb5\xa9\
P(\x9a|\x16{n\xb5\x14\x8e\x8d\x08\x0e\xdaA+\
\xc4{\xf5\x8c\xd7/\xa5)|Tc\xd1(\xe7O\xad\
5GG\x0d\x89\x08\xcc\x07\x5c]]Y9\x88\x16\x15\
\x15\xc5\xd93\xe8M\x00\xb4Z-~\xfa\xe9'\xc6\xed\
\xce\x9c9\xb3\xd1\xbfm\xad\x15\xc0_\xdd\xf8\x9b\x5c\x93\
j%\xf5\xca\x118\xaeN\x02[]\xe3B\xfaP \
\x89A\xf8BHH\x08\xe31)\x8a\x8a\x8aX?\xff\
\xcf\x0b\x01\x00\x80\x93'O2n\xd3\xcf\xcf\xaf\xd1\xd1\
\x82\x06j$MJ\xb7aNS\xe8\xa5ys\xd0\xef\
\x81\xea\xa6]\x17\xf5U\x8b\x1a\x95\x8c\x94\xc0l\xef?\
v\xecX\xc6\xed\xb2\x91\xfe\x8b\xb7\x02\x90\x9e\x9e\xce\xca\
^\xe7\xa2E\x8b\x1a\xf5;O\x06\x86\xd6\x9d\xde`C\
H\x03\xed5Ms\xbb\x19(\xb4'\x89A\xf4\xca\xc2\
\x85\x0b!\x16\x8b\x19\xb5\xa9\xd3\xe9p\xea\xd4)N\x9f\
C\xef\xe9\xc1O\x9c8\xc1\xb8M__\xdfF\x05\x0b\
i\xec\xb0\xfce\xec\xdf\xb0~\xd0\x0c\x82\x06-\xfc5\
\xb6\x1c\x02{(\x14\x0a\xc6\x0f\xfe\x00\xbfm\x8f?y\
\xf2\xc4\xb4\x04 &&\x06\xe5\xe5\xe5\xac(4\xd5\xc0\
\xe4\x19u\x0c\x8c\xaaUo8\x0fP\xcb\xd0\x81\x1e\x15\
\xc8\xc1 }\xb1d\xc9\x92\x06\x7f[\xf5\xe1\xfb\xef\xbf\
\xe7\xfcY\xf4.\x00*\x95\x8a\x95\x07\xf7\xf6\xf6n\xb0\
J?\x154}\x87\xbd\xf0\x0d6*A7\xfa\xd0\xd0\
\x9f\xca\x11\x92\xc0\xa0\xfa\xa0o\xdf\xbe\xe8\xd9\xb3'\xe3\
vsrr89\xfb\xcf;\x01\x00\x80#G\x8e\xb0\
\xb2\xef\xb9t\xe9\xd2\x06eh\xbd)jz\xd4\x9f\x1b\
\xf5\xb0qS\xdc\xb4r\x8a)\x1d\xb2\x04$L\x18\xe7\
\x8dE `\xed$\xe4\xe1\xc3\x87\xa1\xd3\xe9LS\x00\
\x9e?\x7f\xce\xca\xc1 '''|\xf0\xc1\x07\xf5\x9f\
\x83\x89\xd5(mB\xc8\xed\x87B-\x1e\x88\xde\xdc0\
\xa3\xcd\x9a\x16\xd97\xda\xac\x96L\x00\xf4\xc0\xa4I\x93\
X\x89D]VV\x86\x88\x88\x08\xfd\x88\x1a_\x9c{\
\xe8\xd0!\xd04\xf3\x9fupp0Z\xb7n]\xaf\
\x7f[M\xd18`\xde\xb8\xf3\xf64\x80\xed\xe6\xf5\x0b\
\x0d~C\xac\xc6\xedF\x8e6J\x04:\x1c3'\xb1\
\x03\xb9\xc6\xd9\xd9\xb9\xd1\xbbKo\xe2\xbb\xef\xbec4\
d\xbeA\x0a@FF\x06.\x5c\xb8\xc0\xb8]\x89D\
\x82\xcf>\xfb\xac\xde\x8b6\x11\x92Z\x9ckD\x0f}\
XR\x83[\x0d\xc8\xf9\xf7\xa9\xac\x1a\xf9\x0d\x9c\xc7k\
\x00\xac\xb6\xa8F\x15\xb9\x19\xc89\xabW\xaff\xf4\xf2\
\xda\x1f\x9dNu5\xc2\xc3\xc3\xf57\xad\xe1\x93\x93\xb7\
n\xdd\xca\xca<\xc8\xd7\xd7\x17\x81\x81\x81\xf5\xee\xc9\xbf\
\x90V\xd5;B/\x0d\xe0[s\x15\xf670]W\
\x19\xa5\xc3<\x99\x12\x0f\x84\xf5\x13\x0d%E\xe3#\xcb\
\x8aFe-\x224\x8dq\xe3\xc6\xa1O\x9f>\xac\xd8\
>r\xe4\x08\xe3G\xe2\x0dV\x00233q\xee\xdc\
9Vl/Y\xb2\x04-Z\xb4\xa8\xd7\xbf\xd5R\xc0\
Fi5\xfeWV\xf9\xda\x1c~\x89\x22\x0d\xfee\xa9\
\xc4N\xf3\x9aF\xdd\xd0+\x16\xd0\x98kU\x89]\xe6\
5(\xff\x87^\xbd\x0e4\xceHj1\xddZ\x89\x04\
\x91\x86\xb4F\x8eqtt\xc4\xd2\xa5KY\xb1]Y\
Y\x89C\x87\x0e\xe9\xf5\xf9D|s\xf87\xdf|\x83\
w\xdey\x07\x02\x01\xb3\xdadii\x89/\xbf\xfc\x12\
3f\xcc\xa8\xf7(\xe3\x8aX\x8d+b5\xdaj\x85\
\xe8\xac\x11\xc1\x81\x16@\x0b\x1aE\x02\x1d~\x15i\x18\
\xd96\xac\x05\x8dps\x15\x8eIT\xe8\xa2\x15\xc1M\
+\x82\x1dM\xa1\x82\xa2\x91Giq[\xacA5\x8f\
\x86\xfcl%bi(L\xe7\x9a\xfc'V\xacX\x01\
kkk\xd6z\x7f6\xce\xc0\x18\xb4\x00ddd \
22\x92\x95s\xd6\xbe\xbe\xbe\x981c\x06\xf6\xee\xdd\
\xdb\xa0\xdf=\x12j\xf1\x88\xe5\xec<Z\x0aH\x10i\
x\xdf\xcbo\xda\xb4I/\xdbU\xfa`\xc2\x84\x09\xac\
\x85\x9d\x7f\xfe\xfc9\x0e\x1c8\xa0\xf7g\xe4\xe5y\xd2\
-[\xb6\xb0\xb6*:\x7f\xfe|xyy\x91\xb1-\
\xe1\xb5xyy\xe1\xe3\x8f?f\xcd\xfe\xd6\xad[Q\
UUE\x04\xe0U\x14\x15\x15\xb1\xa6\x8e\x22\x91\x08\x9b\
6m\x82\xad\xad-\xf9\xca\x09\xaf\xc4\xc6\xc6\x06\x1b6\
l`4\xc9\xe7\xcbdeeq~\xe9\xc7\xa0\x04\x00\
\x00\xf6\xef\xdf\x8f\xc2\xc2BVl\xb7l\xd9\x12\xeb\xd7\
\xafg|\x9d\x81`\xf8\x08\x85B\x84\x85\x85\xb1\x1ae\
z\xfd\xfa\xf5\x9c^\xf95H\x01\xa8\xa9\xa9\xc1W_\
}\xc5\x9a\xfd>}\xfa`\xde\xbcy\xe4\x8b'\xfc\x89\
\xb9s\xe72\x9e\xe1\xf7e\xce\x9d;\x87\xcb\x97/\xf3\
\xe6yy\xdd\x05\xc6\xc4\xc4\xe0\xca\x95+\xac\xd9\x9f5\
k\x16\xe3\xe9\x9c\x08\x86\x8b\xbf\xbf?f\xcd\x9a\xc5\x9a\
\xfd\xaa\xaa*\xac[\xb7\x8eW\xcf\xcc\xfb1\xf0\x9a5\
kX\x0b\x90HQ\x14\xd6\xae]\x0b???\xf2\xf5\
\x9b8\x9d;w\xc6\xfa\xf5\xebY\xb9\xe6\xfb\x82m\xdb\
\xb6\xb16\xad5Z\x01\xc8\xc9\xc9\xc1\xee\xdd\xbbY\xb3\
/\x16\x8b\xb1q\xe3\xc6z\xdf\x17 \x18\x1f\x1e\x1e\x1e\
\xd8\xb5kW\x83n\x8e6\x94\x94\x94\x14|\xfb\xed\xb7\
\xbc{v\x83X\x05\xdb\xb3g\x0f\xe3i\xc5_\xc6\xd6\
\xd6\x16\x07\x0e\x1c\x80\xb3\xb33i\x0d&\x86\xab\xab+\
v\xef\xde\xcdj\x86\xe9\xba\xba:|\xf2\xc9'\xbcY\
\xf838\x01\xd0j\xb5\x08\x0d\x0de5Vz\x8b\x16\
-\xb0w\xef^\xd8\xdb\xdb\x93Va\x22\xd8\xd9\xd9a\
\xd7\xae]pttd\xb5\x9cm\xdb\xb6!==\x9d\
\x97>0\x98}\xb0\xac\xac,l\xdf\xbe\x9d\xd52\xda\
\xb4i\x83\x9d;w\xb2v\xf4\x93\xc0\x1f\xac\xac\xac\xb0\
w\xef^\xb4m\xdb\x96\xd5r\x12\x13\x13q\xf0\xe0A\
\xde\xfa\xc1\xa06\xc2\x0f\x1e<\xc8z:(\xb9\x5c\x8e\
}\xfb\xf6\xa1Y\xb3f\xa4\x95\x18)\x0e\x0e\x0e8x\
\xf0 :v\xec\xc8j9\x95\x95\x95\x08\x0d\x0d\xe5\xe5\
\xd0\xdf \x05@\xab\xd5b\xe9\xd2\xa5(--e]\
\x04\x8e\x1c9\xc2\xfa\xd0\x90\xc0=...8|\xf8\
0+\x91}\xfe\xca\xe7\x9f\x7f\x8e\x9c\x9c\x1c^\xfb\xc3\
\xe0\x8e\xc2\x15\x16\x16\xe2\xe3\x8f?f%z\xd0\xcb\xb8\
\xb9\xb9a\xff\xfe\xfdda\xd0\x88\xf0\xf0\xf0\xc0\xb7\xdf\
~\x8b6m\xda\xb0^\xd6\xc9\x93'\xf1\xe3\x8f?\xf2\
\xde'\x06y\x166>>\x1e\x87\x0f\x1ff\xbd\x1c7\
77|\xfb\xed\xb7\xf0\xf0\xf0 \xad\xc7\xc0\xe9\xd6\xad\
\x1b\x0e\x1f>\xcc\xc9\xa8.==\x9dw\x07~\x8cJ\
\x00\x00`\xe3\xc6\x8d\xb8}\xfb6\xeb\xe54o\xde\x1c\
\x87\x0f\x1ff%\x144\x81\x1b\x06\x0d\x1a\x84={\xf6\
\xb0\xba\xd5\xf7\x82\xf2\xf2r,X\xb0\x00*\x95\x8a\x08\
\x00\x9bh4\x1a,X\xb0\x00yyy\xac\x97ee\
e\x85={\xf6 $$\x84\xb4&\x03\x82\xa2(\x84\
\x84\x84`\xf3\xe6\xcd077g\xbd<\x9dN\x87e\
\xcb\x96\xf1~\xdeo\x14\x02\x00\xfc\x16N\x99+\xb5\x15\
\x0a\x85X\xbcx1>\xfd\xf4S\xc6s\xc2\x11\x98\xa7\
Y\xb3f\xd8\xb5k\x17\x16/^\xcc\xd9\xad\xcf\x0d\x1b\
6\xe0\xd2\xa5K\x06\xe5'\x83\xbf\x0f\x9b\x96\x96\x86\x15\
+V\xb0\xbe(\xf8\x82\x09\x13&\xe0\xc0\x81\x03\xf5\x8e\
/H\xe0\x1e\x85B\x81\x13'N\xb0\x16\xc8\xf3UD\
FF\xf2z\xbf\xdfh\x05\x00\x00\xa2\xa3\xa3\xf1\x7f\xff\
\xf7\x7f\x9c\x95\xd7\xb5kWDDD\xe0\xddw\xdf%\
\xad\x8dg\x8c\x1e=\x1a\x87\x0f\x1f\xe6t\xf7\xe6\xe6\xcd\
\x9bX\xb5j\x95A\xfa\xcbh\x22b\xec\xdb\xb7\x0f\xc7\
\x8f\x1f\xe7\xac<+++l\xdc\xb8\x11\xcb\x96-\x83\
D\x22!-O\xcf888`\xf3\xe6\xcdX\xbbv\
-'\xf3\xfd\x97G\xa0\xf3\xe7\xcf\x87Z\xad&\x02\xa0\
o\xd6\xae]\x8b\xd8\xd8X\xce\xca\xa3(\x0a\xd3\xa7O\
\xc7\xc9\x93'\xe1\xed\xedMZ\xa1\x1e{\xfd3g\xce\
`\xf0\xe0\xc1\x9c\x96\x9b\x9f\x9f\x8f9s\xe6\xa0\xb2\xb2\
\xd2`}gT\x02\xa0\xd5j\xb1d\xc9\x12\xdc\xb8q\
\x83\xd3r_\x9c\x17X\xb0`\x01\x19\x0dpH\x8b\x16\
-\xb0s\xe7N\xac]\xbb\x16666\x9c\x96]T\
T\x84\x90\x90\x10\x14\x15\x15\x19\xb4\x0f\x8d.(^m\
m-\xe6\xce\x9d\x8b\xc4\xc4DN\xcb\x15\x0a\x85\x985\
k\x16\x22\x22\x228]|2E\x04\x02\x01&M\x9a\
\x84\xc8\xc8H\xf4\xed\xdb\x97\xf3\xf2KJJ\x10\x12\x12\
bP\xdb}&#\x00\xc0o\xf1\x04g\xcf\x9e\x8d\x94\
\x94\x14\xce\xcbn\xdd\xba5v\xef\xde\x8d\x0d\x1b6\x90\
\x9d\x02\x16\xe8\xdd\xbb7\xbe\xff\xfe{\xac\x5c\xb9\x12\x96\
\x96\x96\x9c\x97\xafT*1s\xe6Ldee\x19\x87\
\x98\x1a\xeb\x87RQQ\x81\x90\x90\x10\xdc\xbd{W/\
\xe5\x07\x04\x04 &&\x06\xa1\xa1\xa1\x9c\x9c@3v\
\xda\xb7o\x8f\x1d;v`\xcf\x9e=\xf0\xf4\xf4\xd4K\
\x1d\xca\xcb\xcb1s\xe6L\xa4\xa5\xa5\x19\xcfh\xca\x98\
?\x9a\x8a\x8a\x0a|\xf8\xe1\x87\xb8s\xe7\x8e^\xca\x17\
\x8b\xc5\x08\x0a\x0aBtt4\xa6M\x9bF\xd6\x07\x1a\
\x81\x8b\x8b\x0b\xd6\xaf_\x8f\xd3\xa7O\xa3\x7f\xff\xfez\
\xabGQQ\x11\x82\x82\x82X\x8dLE\x04\x80%\x11\
\x989s&\xe7\x0b\x83/cgg\x87\xe5\xcb\x97\xe3\
\xa7\x9f~BPP\x10\xa7\xdbT\x86\x8a\xab\xab+>\
\xf9\xe4\x13\xfc\xf8\xe3\x8f\x181b\x84^s8<y\
\xf2\x04\xd3\xa7O7\x9aa\xbfI\x09\xc0\x8b5\x81\x7f\
\xfd\xeb_8\x7f\xfe\xbc^\xeb\xe1\xe4\xe4\x84\xd0\xd0P\
\xc4\xc4\xc4`\xe6\xcc\x99$\xe8\xc8+P(\x14\xf8\xfa\
\xeb\xaf\x11\x1d\x1d\x8d)S\xa6\xb0\x96\x9d\xa7\xbe<x\
\xf0\x00AAA\xc8\xcd\xcd5J\x7fSr\xb9\x9c6\
\x95\x8fK \x10`\xd9\xb2e\x08\x0a\x0a\xe2E}T\
*\x15\xce\x9c9\x83\xf0\xf0p<|\xf8\x90\x952\x0e\
\x1e<\x08___\xc6\xecy{{3\x9e\x1cT\x22\
\x91   \x00\x93'O\x86\x8f\x8f\x0fo\xbe\x97\xab\
W\xafb\xd1\xa2E\x06\xbd\xcf\xff&D0!t:\
\x1d\xd6\xad[\x87\x82\x82\x02,Y\xb2D\xef\xa9\xc1\xcc\
\xcd\xcd1q\xe2DL\x9c8\x11\x89\x89\x898u\xea\
\x14bbbx\x914\x92\x0b|||0j\xd4(\
\x0c\x1d:\x94w\xa3\xa1\x88\x88\x08\xacZ\xb5\x0a\x1a\x8d\
\xc6\xa8\xdf\x81I\x8d\x00^f\xf0\xe0\xc1X\xb7n\x1d\
,,,xU\xaf\xea\xeaj\xfc\xf2\xcb/\x7fdE\
\xaa\xab\xab3\xaa\x11@\xc7\x8e\x1d\xf1\xce;\xef`\xe8\
\xd0\xa1\xac\x07\xe4l\x0cZ\xad\x16\x9b7o\xc6\xfe\xfd\
\xfb9\xbb`FF\x00z\xe0\xfc\xf9\xf3x\xfc\xf81\
\xb6n\xdd\x8aV\xadZ\xf1\xa6^\x16\x16\x16\x181b\
\x04F\x8c\x18\x81\x8a\x8a\x0a\xc4\xc5\xc5!>>\x1eW\
\xaf^Eyy\xb9\xc1\xf9\xd9\xdc\xdc\x1c\xdd\xbauC\
\x9f>}0x\xf0`V\x93n6\x15\xa5R\x89\x8f\
>\xfa\x88\xd5ttd\x04\xc03lll\x10\x16\x16\
\xc6jBH\xa6z\xa6\xa4\xa4$\x5c\xb9r\x05\x09\x09\
\x09\xb8w\xef\x1ejjjx7\x02\x90J\xa5\xf0\xf2\
\xf2B\xb7n\xdd\xe0\xeb\xeb\x8bn\xdd\xba\x19\xc4\xf6g\
FF\x06\xfe\xfd\xef\x7f\x1b\xc5\xe9>2\x02h\x00\xe5\
\xe5\xe5\x98={6f\xcf\x9e\x8d\x0f?\xfc\x10B\xa1\
\x90\x97\xf5\x14\x0a\x85\xe8\xd2\xa5\x0b\xbat\xe9\xf2\x87 \
\xdc\xbf\x7f\x1f\x89\x89\x89HKK\xc3\x83\x07\x0f\x90\x99\
\x99\xc9\xe9\xad4[[[t\xe8\xd0\x01\x1e\x1e\x1e\xe8\
\xd0\xa1\x03\xe4r9:v\xec\xc8[\x1f\xfe\x13\xa7N\
\x9d\xc2\x17_|a0a\xbc\xc8\x08\x80%\xfc\xfc\xfc\
\xf0\xd5W_\x19l8p\x8dF\x83\xc7\x8f\x1f#'\
'\x07\xb9\xb9\xb9\xc8\xc9\xc9\xc1\x94)S\xe0\xee\xee\xce\
X\x19g\xcf\x9e\x85\xab\xab+Z\xb5je\xf0'\x1c\
\xab\xaa\xaa\xf0\xd9g\x9f\x19D\xf4^\x22\x00\x1cag\
g\x87\xb5k\xd7\xea\xe5\x92\x09\x81;\x92\x93\x93\xb1l\
\xd92<z\xf4\xc8\xa4\xfd@\x04\xe0\x1f\x18=z4\
>\xfe\xf8c\xc8d2\xe2\x0c#B\xa3\xd1\xe0\xd0\xa1\
C\xd8\xb2e\x8b\xd1o\xf1\x11\x01h\x22\xce\xce\xceX\
\xb3f\x0d\x09\x09n$ddd`\xf9\xf2\xe5\xb8\x7f\
\xff>q\x06\x11\x80\xfa!\x10\x08\x10\x18\x18\x88\x85\x0b\
\x17\x92\xa4\xa1\x06\x8aJ\xa5\xc2\x8e\x1d;p\xe8\xd0!\
\xd2\xeb\x13\x01h\x1c666X\xb4h\x11&L\x98\
\x00\x8a\xa2\x88C\x0c\x84\xf8\xf8x|\xf1\xc5\x17x\xf2\
\xe4\x09q\x06\x11\x80\xa6\xd3\xb3gO\x84\x86\x86\xa2C\
\x87\x0e\xc4\x19<&''\x07aaa\xb8p\xe1\x02\
q\x06\x11\x00\xe6\xa7\x05#G\x8e\xc4\xe2\xc5\x8b\xe1\xe0\
\xe0@\x1c\xc2#\x94J%\xf6\xee\xdd\x8b#G\x8e4\
\xf9\x185\x11\x00\xc2k\x91\xc9d\x08\x09\x09\xc1\xf4\xe9\
\xd3!\x95J\x89C\xf4<\xcf?~\xfc8v\xed\xda\
\x05\xa5RI\x1cB\x04\x80;lmm1u\xeaT\
L\x9f>]/q\xeaL\x19\xb5Z\x8d\x88\x88\x08\xec\
\xd8\xb1\xc3\xe0#\xf4\x12\x010p\xec\xed\xed\x11\x12\x12\
\x82\xc0\xc0@\xde\xdd24\xc6\x1e\xff\xd4\xa9S\xd8\xbb\
w/\x0a\x0b\x0b\x89C\x88\x00\xf0\x07KKK\x8c\x1d\
;\x16\xc1\xc1\xc1prr\x22\x0ea\x90\x92\x92\x12\x1c\
?~\x1cG\x8f\x1eEii)q\x08\x11\x00\xfe\x22\
\x16\x8b1l\xd80L\x9b6\x0d\x0a\x85\x828\xa4\x09\
\xa4\xa4\xa4\xe0\xf8\xf1\xe3\xf8\xf1\xc7\x1f\xc9\xe2\x1e\x11\x00\
\xc3\xc3\xdd\xdd\x1d\xa3G\x8fF`` 9PTO\
jkk\x11\x17\x17\x87#G\x8e\xe8-\xb23\x11\x00\
\x02\xa3XXX`\xc8\x90!\x18>|8\xfc\xfc\xfc\
\x0c\xee\xea,\xdbh\xb5Z\xdc\xb8q\x03QQQ8\
w\xee\x9c\xc9\x84G#\x02`\x82888   \
\x00C\x87\x0e\x85\x8f\x8f\x8f\xdec\x14\xea\xb3\xd1\xdf\xbd\
{\x17111\x88\x89\x89\xc1\xf3\xe7\xcf\xc9\xc7\xc1\xa1\
\x00\xa8\x00\x90\x8c\x15z\xc6\xd6\xd6\x16~~~\x180\
`\x00\x06\x0d\x1ad\xf4\xdb\x89*\x95\x0a7n\xdc@\
ll,\xe2\xe2\xe2P\x5c\x5cL>\x02=\xbc\x06J\
.\x97?\x03`O|\xc1\x1f$\x12\x09:w\xee\x0c\
???\xf8\xf9\xf9\xc1\xdb\xdb[\xef\xf1\xf1\x9bJ]\
]\x1d\xee\xde\xbd\x8b\x9b7o\xe2\xe6\xcd\x9b\xb8w\xef\
\x1eY\xcc\xd3?E\x94\x5c.\x7f\x08\xc0\x8d\xf8\x82\xbf\
\x98\x9b\x9b\xc3\xc7\xc7\x07\xde\xde\xde\xf0\xf2\xf2\x82\x97\x97\
\x17\x9c\x9d\x9dy]\xe7\xfc\xfc|$%%\xfd\xf1'\
99\xd9$Cn\xf1\x9cLJ.\x97\x9f\x07\xe0O\
|aX\xd8\xd9\xd9\xc1\xc3\xc3\x03\xed\xda\xb5\x83\xbb\xbb\
;\xdc\xdc\xdc\xd0\xb6m[4o\xde\x9c\xd3\xdb\x8a\xc5\
\xc5\xc5\xc8\xce\xceFVV\x16233\x91\x9d\x9d\x8d\
\xf4\xf4t\x94\x94\x94\x90\x97\xc4sh\x9a>K)\x14\
\x8a\xed4M\xff\x8b\xb8\xc38\x10\x8b\xc5prr\x82\
\x93\x93\x13\x9c\x9d\x9d1g\xce\x1c\xb4i\xd3\x861\xfb\
+V\xac@~~>\x0a\x0a\x0aPPP@\x86\xf1\
\x86\xcdV\x11M\xd3I\xc4\x0f\xc6\x83Z\xadF^^\
\x1e\xf2\xf2\xf2\x90\x90\x90\x80\xf1\xe3\xc73*\x00\x11\x11\
\x11\x8c\xa7\x06#\xe8\x07\x8a\xa2\x92\x05\x02\x81 \x9e\xb8\
\x82@0=\xb4Zm\x9c 999\x0d@\x01q\
\x07\x81`R\xe4\xa5\xa5\xa5\xa5\x0b\x00\xd0\x14EE\x10\
\x7f\x10\x08&\xc5i\x00\x10\xfc>\x148B\xfcA \
\x98\xd4\xfc\xff\xc8\x1f\x02\x90\x96\x96v\x0d\x00\x89\x95L\
 \x98\x06\xc9)))\xb7\xfe\x10\x00\x00\xa0iz=\
\xf1\x0b\x81`\x12|\xf9\xe2\xff\xfc!\x00NNNG\
\x01d\x11\xdf\x10\x08FM\xc6\xfd\xfb\xf7\x8f\xffM\x00\
\xe2\xe2\xe24\x02\x81`)\xf1\x0f\x81`\xd4s\xff%\
\x00\xb4\x7f\x13\x00\x00HNN>EQT\x14q\x13\
\x81`\x94\xc4\xa4\xa4\xa4\xfc\xf0\xf2_\x08^\xa1\x10s\
\x00\x90\x0b\xd9\x04\x82q\xf5\xfc\xc5\x1a\x8d\xe6\x83\xbf\xfe\
\xfd\xdf\x04 999\x97\xa6\xe9\xe9\x00H\xa0\x10\x02\
\xc18\xa0\x01\x84\xa4\xa7\xa7?y\xa3\x00\x00@jj\
j4M\xd3+\x88\xdf\x08\x04\xa3\xe8\xfdC\xff:\xf4\
\x7f\xad\x00\xfc.\x02_P\x14\xb5\x89\xb8\x8f@0\xe8\
\xc6\xbf#%%\xe5\x1f\xb7\xf8_\x1b\x84.%%e\
\x09\x80\xad\xc4\x8d\x04\x82A\xb29%%e\xfek\x05\
\xa2>V\xe4r\xf9r\x00k\xea\xfb\xef\x09\xfcA\xa1\
P0\x1a\x86\xfc\xfa\xf5\xeb\xa0i\xb2<\xc4\xf79\xff\
\xef\xc3\xfe7\x1e\xee\xabw\x83\xf6\xf4\xf4\x1cLQT\
8\x00\x92\xea\x86@\xe0/\xcfh\x9a~?555\
\xba>\xff\xb8\xdeA\xe9\x9f={\x96\xe5\xe4\xe4\xf4\x1d\
\x00\x8f\xdf\xff\x10\x08\x04~\xf1\x83F\xa3\x19\xf9\xe0\xc1\
\x83_\xeb\xbdF\xd0\x98R<==\xc7P\x14\x15\x06\
\xc0\x9d\xf8\x9c@\xd0;\x19\x14E-\xf9\xa7\x95~\xc6\
\x05\x00\x00\x06\x0c\x18 *,,\x9cBQ\xd42\x00\
$\xf1\x1d\x81\xc0=\xc9\x00\xbe\xfc\xfdl\xbf\xb61\x06\
\x18Y\xd4\x93\xcb\xe5=i\x9a~O \x10\x8c\xa1i\
\xda\x85\xbc\x17\x02\x815\xf2\x00\x9c\xa6(*<%%\
\xe5fS\x8d1\xbe\xaa\xdf\xb1c\xc7\x8e\x22\x91\xa8\xbf\
N\xa7\xf3\x11\x08\x04\x1e4M\xb7\x05`\x0b\xc0\x12\x80\
9y\x7f\x04\xc2\x1bQ\x01\xa8\x04PJQ\xd4#\x9a\
\xa6\x1fP\x14\x95\xa4\xd5j\xe3\xd2\xd2\xd2\xd2\x99,\xe8\
\xff\x01\xa3\xa0\x00`\xe1\xf0\xb0'\x00\x00\x00\x00IE\
ND\xaeB`\x82\
\x00\x00\x02\xa7\
\x00\
\x00\x08\xe3x\xda\xd5U\xdbN\xdb@\x10}\xcfWl\
\xb7/E\xc2{\xf7\xda\x1b% \x11PU\x95\xb6\x88\
\xd2V}t\xe3M\xb2\xc5\xb1]{I\xc2\xdfw\xd6\
\x81P\xa8\x91\xe0\xa9\xc5\x92o3\xb33{\xce\x99\xb1\
G\x87\x9be\x81V\xb6i]U\x8e1'\x0c\xa3\xd6\
ge\x9e\x15Ui\xc7\xb8\xac\xf0\xe1\xc1`\xf4\xea\xf8\
\xd3\xe4\xe2\xfb\xd9\x09jWst\xf6\xe5\xe8\xf4\xdd\x04\
\xe1\x88\xd2orB\xe9\xf1\xc51\xfa\xfc\xf5-\x12\x8c\
qf\x98\xa2\xf4\xe4#Fx\xe1}=\xa4t\xbd^\
\x93\xb5$U3\xa7\x17\xe74\xc4\xd0\xf3\x93I\x04\x0b\
\xa2\xdd\x02\xc8@!3g$\xf79\x0e\xf5\xa2\x08M\
\x1a\x9by\x9b\xa3\xab\xd6\x95s\xf4\xbeq>\x1b\xa2\x90\
\xb4\x85\xac\x97\xe15$EQ\x04\xf1a[\x00\xa4l\
\xc7=e\xa1\x0c\x0b\xe91\x1a 8\xba\xb8\xe1\xa6p\
\xe5e_47\xc6\xd0\xce\x8b\xff\x08\xef\xea\xed\xc2w\
\xd5i\x99-m[gS\xdb\x86\x0a[\xc7\x9f\xeb\xda\
*w5\x9c\xbb\xa5\xb7\x06\xd2VW\xcd\xd4\xce \x89\
%\xa5\xf5[\x0en\x9c\xd1\x96\x88.\xcf\xda\xe5~1\
\xc6\x9a\x13\xa5j\xbf\xb5-\xac\x9b/\xfc\x03\xe3\xca\xd9\
\xf5Q\xb5\x19c\x86\x18\xea<\xdbk\xe03\xb7\xb3\x96\
\xc2\xdd\x16\x85\xab[\x8b\x5c>\xc6\xed\x22\xab-\xc8\xed\
\x9b\xacla\x1f\xcb1\xee\x1e\x0b`\xfd\x8d&\xc2\x84\
Cs&9O\xf7\xd1\x03\xc3\x1eF\x0d\x94\x12\x8a\xa8\
@/\x93\xa9\xd1i*\xc0z\xddg\x9d\xf6\xc6N{\
cg\xae(B\xe3\x956\xb4bS]B\x1b\xbe\x9e\
\xcd\xd2$No\x0d\xd1\x0d)\x82\xa8\x9d\x09\x14\xb3\xd3\
\xac\x06\x5c\xbf\xae\xb2\xc6\xde\xb3\xff\xac\x1c4\xf7\x0f\xbb\
\xb2\x05\xa6\x07\xa3:\xf3\x8b;\x0a\xf8#\x140\x92\xf0\
\x0e\xb2Ieb\x94L\xf6\x91\x04\x9b\xd8{\xd6\x16;\
\x05\x9e\xbe\xc7\xa5\xf3\xb6\xd9\xd9\xbb\xb7\xc2\xc1\x0d\xb0b\
\x04;\xfe\x00\xe2\x9erN\xb8\xe61\x0a\xb3z\xd31\
\xc3\xb2\xca\xad\xbf\xae-L\xc0t\xfa7Hv\x1f\xe5\
2\xf3\x8d\xdb\x80\xcaZs)S\xae\x92$fF\xd9\
\x88k\xc4Q\xc4Q\xaf\xa7\x83\x8f\xc2E\xab\x98\x09\x96\
\xc2\xfcJ\xa3_&!\xa2\x8f\x10@\x1e\xa6'\x10\x10\
\xe4gA|\xa3e\x1c\xeb\x97\xac\xbd\xec\x83*\x08K\
`\xa4U\x1cCw\x0b%:\x85\x018G\xbd\x9e\xad\
\xf6\x81\x15\x01\xc3`R\xc5\xe24N^$\x1f\xe2\x91\
\x81\xef \xee#\xa1\x89\x91\xdd\xdcK#\xb5V\xff\x1e\
#C\x09\x89\xe1#\x94<Cs\xd5\xdb\xde\xf0\xb1U\
,5\x82\x994fL\xcb;\xd1\xfb]\x1d\x17\xb1\xe4\
`\x11\xa9\x8c\xcd\xff2\x05Oad0\x0a\xbf\xe4\x83\
\xc1o\x85\xb7\xaf\x91\
"

qt_resource_name = b"\
\x00\x04\
\x00\x06\x98)\
\x00c\
\x00a\x00l\x00i\
\x00\x04\
\x00\x06\xfa^\
\x00i\
\x00c\x00o\x00n\
\x00\x08\
\x0c\xa8\xdd\x14\
\x00t\
\x00e\x00s\x00t\x00F\x00o\x00n\x00t\
\x00\x03\
\x00\x0048\
\x001\
\x000\x008\
\x00\x02\
\x00\x00\x03\x90\
\x006\
\x000\
\x00\x02\
\x00\x00\x03g\
\x003\
\x007\
\x00\x02\
\x00\x00\x03\xb7\
\x008\
\x007\
\x00\x02\
\x00\x00\x03s\
\x004\
\x003\
\x00\x03\
\x00\x004T\
\x001\
\x002\x004\
\x00\x02\
\x00\x00\x03e\
\x003\
\x005\
\x00\x02\
\x00\x00\x03\x81\
\x005\
\x001\
\x00\x02\
\x00\x00\x03\x82\
\x005\
\x002\
\x00\x02\
\x00\x00\x03\x88\
\x005\
\x008\
\x00\x03\
\x00\x004D\
\x001\
\x001\x004\
\x00\x02\
\x00\x00\x03r\
\x004\
\x002\
\x00\x02\
\x00\x00\x03y\
\x004\
\x009\
\x00\x02\
\x00\x00\x03\xb2\
\x008\
\x002\
\x00\x02\
\x00\x00\x03\xb4\
\x008\
\x004\
\x00\x02\
\x00\x00\x03\xc3\
\x009\
\x003\
\x00\x03\
\x00\x004A\
\x001\
\x001\x001\
\x00\x03\
\x00\x004Q\
\x001\
\x002\x001\
\x00\x03\
\x00\x004B\
\x001\
\x001\x002\
\x00\x02\
\x00\x00\x03\xb0\
\x008\
\x000\
\x00\x02\
\x00\x00\x03d\
\x003\
\x004\
\x00\x02\
\x00\x00\x03\x83\
\x005\
\x003\
\x00\x02\
\x00\x00\x03\x85\
\x005\
\x005\
\x00\x03\
\x00\x004I\
\x001\
\x001\x009\
\x00\x02\
\x00\x00\x03h\
\x003\
\x008\
\x00\x02\
\x00\x00\x03\x84\
\x005\
\x004\
\x00\x02\
\x00\x00\x03\x94\
\x006\
\x004\
\x00\x03\
\x00\x0043\
\x001\
\x000\x003\
\x00\x03\
\x00\x004@\
\x001\
\x001\x000\
\x00\x02\
\x00\x00\x03\xc2\
\x009\
\x002\
\x00\x03\
\x00\x0045\
\x001\
\x000\x005\
\x00\x03\
\x00\x004P\
\x001\
\x002\x000\
\x00\x03\
\x00\x0042\
\x001\
\x000\x002\
\x00\x03\
\x00\x0044\
\x001\
\x000\x004\
\x00\x02\
\x00\x00\x03\xc5\
\x009\
\x005\
\x00\x02\
\x00\x00\x03\xb1\
\x008\
\x001\
\x00\x02\
\x00\x00\x03\xb8\
\x008\
\x008\
\x00\x03\
\x00\x0040\
\x001\
\x000\x000\
\x00\x02\
\x00\x00\x03\xa3\
\x007\
\x003\
\x00\x02\
\x00\x00\x03\x93\
\x006\
\x003\
\x00\x03\
\x00\x004G\
\x001\
\x001\x007\
\x00\x02\
\x00\x00\x03\xb5\
\x008\
\x005\
\x00\x02\
\x00\x00\x03\xb3\
\x008\
\x003\
\x00\x02\
\x00\x00\x03p\
\x004\
\x000\
\x00\x03\
\x00\x004V\
\x001\
\x002\x006\
\x00\x02\
\x00\x00\x03\x98\
\x006\
\x008\
\x00\x02\
\x00\x00\x03\xb6\
\x008\
\x006\
\x00\x02\
\x00\x00\x03\xc9\
\x009\
\x009\
\x00\x03\
\x00\x004R\
\x001\
\x002\x002\
\x00\x02\
\x00\x00\x03\xa1\
\x007\
\x001\
\x00\x02\
\x00\x00\x03\xa6\
\x007\
\x006\
\x00\x02\
\x00\x00\x03q\
\x004\
\x001\
\x00\x02\
\x00\x00\x03v\
\x004\
\x006\
\x00\x02\
\x00\x00\x03\x92\
\x006\
\x002\
\x00\x03\
\x00\x004C\
\x001\
\x001\x003\
\x00\x02\
\x00\x00\x03\x96\
\x006\
\x006\
\x00\x02\
\x00\x00\x03\xa0\
\x007\
\x000\
\x00\x02\
\x00\x00\x03\xa5\
\x007\
\x005\
\x00\x03\
\x00\x004F\
\x001\
\x001\x006\
\x00\x02\
\x00\x00\x03\xa9\
\x007\
\x009\
\x00\x02\
\x00\x00\x03u\
\x004\
\x005\
\x00\x02\
\x00\x00\x03\xa7\
\x007\
\x007\
\x00\x02\
\x00\x00\x03f\
\x003\
\x006\
\x00\x02\
\x00\x00\x03w\
\x004\
\x007\
\x00\x02\
\x00\x00\x03\xb9\
\x008\
\x009\
\x00\x02\
\x00\x00\x03\x97\
\x006\
\x007\
\x00\x02\
\x00\x00\x03\xa4\
\x007\
\x004\
\x00\x02\
\x00\x00\x03\x99\
\x006\
\x009\
\x00\x03\
\x00\x004S\
\x001\
\x002\x003\
\x00\x02\
\x00\x00\x03\xc6\
\x009\
\x006\
\x00\x03\
\x00\x0041\
\x001\
\x000\x001\
\x00\x02\
\x00\x00\x03\xa8\
\x007\
\x008\
\x00\x02\
\x00\x00\x03\x89\
\x005\
\x009\
\x00\x02\
\x00\x00\x03\xc4\
\x009\
\x004\
\x00\x03\
\x00\x0049\
\x001\
\x000\x009\
\x00\x02\
\x00\x00\x03\x91\
\x006\
\x001\
\x00\x03\
\x00\x004E\
\x001\
\x001\x005\
\x00\x03\
\x00\x0046\
\x001\
\x000\x006\
\x00\x02\
\x00\x00\x03\x87\
\x005\
\x007\
\x00\x02\
\x00\x00\x03\xc0\
\x009\
\x000\
\x00\x02\
\x00\x00\x03i\
\x003\
\x009\
\x00\x02\
\x00\x00\x03\x95\
\x006\
\x005\
\x00\x02\
\x00\x00\x03\x80\
\x005\
\x000\
\x00\x03\
\x00\x004U\
\x001\
\x002\x005\
\x00\x02\
\x00\x00\x03t\
\x004\
\x004\
\x00\x02\
\x00\x00\x03\xa2\
\x007\
\x002\
\x00\x02\
\x00\x00\x03\xc1\
\x009\
\x001\
\x00\x02\
\x00\x00\x03\xc7\
\x009\
\x007\
\x00\x03\
\x00\x0047\
\x001\
\x000\x007\
\x00\x03\
\x00\x004H\
\x001\
\x001\x008\
\x00\x02\
\x00\x00\x03\x86\
\x005\
\x006\
\x00\x02\
\x00\x00\x03x\
\x004\
\x008\
\x00\x02\
\x00\x00\x03c\
\x003\
\x003\
\x00\x02\
\x00\x00\x03\xc8\
\x009\
\x008\
\x00\x0c\
\x0eM\xde\xe7\
\x00o\
\x00p\x00e\x00n\x00f\x00i\x00r\x00e\x00.\x00p\x00n\x00g\
\x00\x0a\
\x08\xad6G\
\x00d\
\x00o\x00n\x00a\x00t\x00e\x00.\x00s\x00v\x00g\
\x00\x08\
\x0b\x07Z'\
\x00e\
\x00d\x00i\x00t\x00.\x00p\x00n\x00g\
\x00\x08\
\x0aaZ\xa7\
\x00i\
\x00c\x00o\x00n\x00.\x00p\x00n\x00g\
\x00\x0d\
\x05(\x08\xa7\
\x00c\
\x00r\x00o\x00s\x00s\x00h\x00a\x00i\x00r\x00.\x00s\x00v\x00g\
"

qt_resource_struct = b"\
\x00\x00\x00\x00\x00\x02\x00\x00\x00\x03\x00\x00\x00\x01\
\x00\x00\x00\x00\x00\x00\x00\x00\
\x00\x00\x00\x00\x00\x02\x00\x00\x00\x01\x00\x00\x00g\
\x00\x00\x00\x00\x00\x00\x00\x00\
\x00\x00\x00\x0e\x00\x02\x00\x00\x00\x04\x00\x00\x00c\
\x00\x00\x00\x00\x00\x00\x00\x00\
\x00\x00\x00\x1c\x00\x02\x00\x00\x00\x01\x00\x00\x00\x04\
\x00\x00\x00\x00\x00\x00\x00\x00\
\x00\x00\x00\x1c\x00\x02\x00\x00\x00^\x00\x00\x00\x05\
\x00\x00\x00\x00\x00\x00\x00\x00\
\x00\x00\x04\x00\x00\x00\x00\x00\x00\x01\x00\x002X\
\x00\x00\x01\x98F\x82\xedn\
\x00\x00\x01\x06\x00\x00\x00\x00\x00\x01\x00\x00\x0b\x04\
\x00\x00\x01\x98F\x82\xedo\
\x00\x00\x00r\x00\x00\x00\x00\x00\x01\x00\x00\x033\
\x00\x00\x01\x98F\x82\xedp\
\x00\x00\x02\xc4\x00\x00\x00\x00\x00\x01\x00\x00!\xdc\
\x00\x00\x01\x98F\x82\xedq\
\x00\x00\x00H\x00\x00\x00\x00\x00\x01\x00\x00\x01\x08\
\x00\x00\x01\x98F\x82\xedr\
\x00\x00\x010\x00\x00\x00\x00\x00\x01\x00\x00\x0d4\
\x00\x00\x01\x98F\x82\xedr\
\x00\x00\x03\x82\x00\x00\x00\x00\x00\x01\x00\x00+\xbb\
\x00\x00\x01\x98F\x82\xeds\
\x00\x00\x01\xfe\x00\x00\x00\x00\x00\x01\x00\x00\x17j\
\x00\x00\x01\x98F\x82\xedt\
\x00\x00\x02R\x00\x00\x00\x00\x00\x01\x00\x00\x1b\xe8\
\x00\x00\x01\x98F\x82\xedu\
\x00\x00\x00\xa6\x00\x00\x00\x00\x00\x01\x00\x00\x06\x0f\
\x00\x00\x01\x98F\x82\xedv\
\x00\x00\x00\x5c\x00\x00\x00\x00\x00\x01\x00\x00\x02=\
\x00\x00\x01\x98F\x82\xedw\
\x00\x00\x03\xac\x00\x00\x00\x00\x00\x01\x00\x00-\xf5\
\x00\x00\x01\x98F\x82\xedx\
\x00\x00\x02\xb0\x00\x00\x00\x00\x00\x01\x00\x00 \xcc\
\x00\x00\x01\x98F\x82\xedy\
\x00\x00\x02\x5c\x00\x00\x00\x00\x00\x01\x00\x00\x1cx\
\x00\x00\x01\x98F\x82\xedz\
\x00\x00\x02\xce\x00\x00\x00\x00\x00\x01\x00\x00\x22i\
\x00\x00\x01\x98F\x82\xed{\
\x00\x00\x03\xf6\x00\x00\x00\x00\x00\x01\x00\x001\xb9\
\x00\x00\x01\x98F\x82\xed|\
\x00\x00\x00\xb0\x00\x00\x00\x00\x00\x01\x00\x00\x06\x9d\
\x00\x00\x01\x98F\x82\xed}\
\x00\x00\x03\x96\x00\x00\x00\x00\x00\x01\x00\x00,\xcd\
\x00\x00\x01\x98F\x82\xed}\
\x00\x00\x00|\x00\x00\x00\x00\x00\x01\x00\x00\x03\xcd\
\x00\x00\x01\x98F\x82\xed\x8c\
\x00\x00\x00\x86\x00\x00\x00\x00\x00\x01\x00\x00\x04}\
\x00\x00\x01\x98F\x82\xed\x8d\
\x00\x00\x01\x10\x00\x00\x00\x00\x00\x01\x00\x00\x0b|\
\x00\x00\x01\x98F\x82\xed\x8e\
\x00\x00\x01:\x00\x00\x00\x00\x00\x01\x00\x00\x0d\xca\
\x00\x00\x01\x98F\x82\xed\x8f\
\x00\x00\x01\x1a\x00\x00\x00\x00\x00\x01\x00\x00\x0c\x15\
\x00\x00\x01\x98F\x82\xed\x90\
\x00\x00\x03\xec\x00\x00\x00\x00\x00\x01\x00\x001&\
\x00\x00\x01\x98F\x82\xed\x90\
\x00\x00\x03n\x00\x00\x00\x00\x00\x01\x00\x00*\x8b\
\x00\x00\x01\x98F\x82\xed\x91\
\x00\x00\x00\x90\x00\x00\x00\x00\x00\x01\x00\x00\x05\x13\
\x00\x00\x01\x98F\x82\xed\x92\
\x00\x00\x03,\x00\x00\x00\x00\x00\x01\x00\x00'l\
\x00\x00\x01\x98F\x82\xed\x93\
\x00\x00\x00>\x00\x00\x00\x00\x00\x01\x00\x00\x00t\
\x00\x00\x01\x98F\x82\xed\x94\
\x00\x00\x03L\x00\x00\x00\x00\x00\x01\x00\x00)\x0d\
\x00\x00\x01\x98F\x82\xed\x95\
\x00\x00\x02f\x00\x00\x00\x00\x00\x01\x00\x00\x1c\xe7\
\x00\x00\x01\x98F\x82\xed\x96\
\x00\x00\x01\xd4\x00\x00\x00\x00\x00\x01\x00\x00\x15/\
\x00\x00\x01\x98F\x82\xed\x97\
\x00\x00\x01D\x00\x00\x00\x00\x00\x01\x00\x00\x0ej\
\x00\x00\x01\x98F\x82\xed\x98\
\x00\x00\x03\x8c\x00\x00\x00\x00\x00\x01\x00\x00,9\
\x00\x00\x01\x98F\x82\xed\x98\
\x00\x00\x02|\x00\x00\x00\x00\x00\x01\x00\x00\x1d\xff\
\x00\x00\x01\x98F\x82\xed\x99\
\x00\x00\x02\xe2\x00\x00\x00\x00\x00\x01\x00\x00#\x8d\
\x00\x00\x01\x98F\x82\xed\x9a\
\x00\x00\x02\x14\x00\x00\x00\x00\x00\x01\x00\x00\x18\x83\
\x00\x00\x01\x98F\x82\xed\x9b\
\x00\x00\x02\xf6\x00\x00\x00\x00\x00\x01\x00\x00$\xb6\
\x00\x00\x01\x98F\x82\xed\x9c\
\x00\x00\x02\x86\x00\x00\x00\x00\x00\x01\x00\x00\x1e\x95\
\x00\x00\x01\x98F\x82\xed\x9d\
\x00\x00\x02>\x00\x00\x00\x00\x00\x01\x00\x00\x1a\xce\
\x00\x00\x01\x98F\x82\xed\x9e\
\x00\x00\x03\xb6\x00\x00\x00\x00\x00\x01\x00\x00.s\
\x00\x00\x01\x98F\x82\xed\x9f\
\x00\x00\x01\xca\x00\x00\x00\x00\x00\x01\x00\x00\x14\xba\
\x00\x00\x01\x98F\x82\xed\xa0\
\x00\x00\x02\xec\x00\x00\x00\x00\x00\x01\x00\x00$*\
\x00\x00\x01\x98F\x82\xed\xa1\
\x00\x00\x02\x90\x00\x00\x00\x00\x00\x01\x00\x00\x1f\x1b\
\x00\x00\x01\x98F\x82\xed\xa2\
\x00\x00\x02H\x00\x00\x00\x00\x00\x01\x00\x00\x1bo\
\x00\x00\x01\x98F\x82\xed\xa3\
\x00\x00\x02\xba\x00\x00\x00\x00\x00\x01\x00\x00!:\
\x00\x00\x01\x98F\x82\xed\xa3\
\x00\x00\x03\x22\x00\x00\x00\x00\x00\x01\x00\x00&\xd6\
\x00\x00\x01\x98F\x82\xed\xa4\
\x00\x00\x02\xa6\x00\x00\x00\x00\x00\x01\x00\x00 6\
\x00\x00\x01\x98F\x82\xed\xa5\
\x00\x00\x00\xfc\x00\x00\x00\x00\x00\x01\x00\x00\x0an\
\x00\x00\x01\x98F\x82\xed\xa6\
\x00\x00\x01\xaa\x00\x00\x00\x00\x00\x01\x00\x00\x12\xfd\
\x00\x00\x01\x98F\x82\xed\xa7\
\x00\x00\x00\xba\x00\x00\x00\x00\x00\x01\x00\x00\x07!\
\x00\x00\x01\x98F\x82\xed\xa8\
\x00\x00\x01\xf4\x00\x00\x00\x00\x00\x01\x00\x00\x16\xcf\
\x00\x00\x01\x98F\x82\xed\xa9\
\x00\x00\x00\xc4\x00\x00\x00\x00\x00\x01\x00\x00\x07\xc0\
\x00\x00\x01\x98F\x82\xed\xaa\
\x00\x00\x01\xea\x00\x00\x00\x00\x00\x01\x00\x00\x16L\
\x00\x00\x01\x98F\x82\xed\xab\
\x00\x00\x02\x1e\x00\x00\x00\x00\x00\x01\x00\x00\x19\x1f\
\x00\x00\x01\x98F\x82\xed\xac\
\x00\x00\x00R\x00\x00\x00\x00\x00\x01\x00\x00\x01\xab\
\x00\x00\x01\x98F\x82\xed\xac\
\x00\x00\x01\xb4\x00\x00\x00\x00\x00\x01\x00\x00\x13\x96\
\x00\x00\x01\x98F\x82\xed\xad\
\x00\x00\x02\xd8\x00\x00\x00\x00\x00\x01\x00\x00\x22\xe9\
\x00\x00\x01\x98F\x82\xed\xae\
\x00\x00\x03x\x00\x00\x00\x00\x00\x01\x00\x00+.\
\x00\x00\x01\x98F\x82\xed\xaf\
\x00\x00\x03\xc0\x00\x00\x00\x00\x00\x01\x00\x00/\x00\
\x00\x00\x01\x98F\x82\xed\xb0\
\x00\x00\x01f\x00\x00\x00\x00\x00\x01\x00\x00\x10\x0f\
\x00\x00\x01\x98F\x82\xed\xb1\
\x00\x00\x00\xce\x00\x00\x00\x00\x00\x01\x00\x00\x08B\
\x00\x00\x01\x98F\x82\xed\xb2\
\x00\x00\x036\x00\x00\x00\x00\x00\x01\x00\x00'\xf1\
\x00\x00\x01\x98F\x82\xed\xb3\
\x00\x00\x01\xa0\x00\x00\x00\x00\x00\x01\x00\x00\x12\x8e\
\x00\x00\x01\x98F\x82\xed\xb3\
\x00\x00\x03\x0c\x00\x00\x00\x00\x00\x01\x00\x00%\xcc\
\x00\x00\x01\x98F\x82\xed\xb4\
\x00\x00\x03\xca\x00\x00\x00\x00\x00\x01\x00\x00/\x86\
\x00\x00\x01\x98F\x82\xed\xd3\
\x00\x00\x04\x0a\x00\x00\x00\x00\x00\x01\x00\x002\xd1\
\x00\x00\x01\x98F\x82\xed\xd4\
\x00\x00\x02(\x00\x00\x00\x00\x00\x01\x00\x00\x19\xb9\
\x00\x00\x01\x98F\x82\xed\xd5\
\x00\x00\x01\xbe\x00\x00\x00\x00\x00\x01\x00\x00\x145\
\x00\x00\x01\x98F\x82\xed\x01\
\x00\x00\x03\x16\x00\x00\x00\x00\x00\x01\x00\x00&C\
\x00\x00\x01\x98F\x82\xed\x02\
\x00\x00\x01\x88\x00\x00\x00\x00\x00\x01\x00\x00\x11\x87\
\x00\x00\x01\x98F\x82\xed\x03\
\x00\x00\x01N\x00\x00\x00\x00\x00\x01\x00\x00\x0f\x06\
\x00\x00\x01\x98F\x82\xed\x04\
\x00\x00\x01\x94\x00\x00\x00\x00\x00\x01\x00\x00\x12\x10\
\x00\x00\x01\x98F\x82\xed\x17\
\x00\x00\x01p\x00\x00\x00\x00\x00\x01\x00\x00\x10}\
\x00\x00\x01\x98F\x82\xed\x19\
\x00\x00\x03b\x00\x00\x00\x00\x00\x01\x00\x00*\x0b\
\x00\x00\x01\x98F\x82\xed\x19\
\x00\x00\x03\xd4\x00\x00\x00\x00\x00\x01\x00\x000\x15\
\x00\x00\x01\x98F\x82\xed\x5c\
\x00\x00\x002\x00\x00\x00\x00\x00\x01\x00\x00\x00\x00\
\x00\x00\x01\x98F\x82\xed]\
\x00\x00\x03@\x00\x00\x00\x00\x00\x01\x00\x00(\x96\
\x00\x00\x01\x98F\x82\xed^\
\x00\x00\x01Z\x00\x00\x00\x00\x00\x01\x00\x00\x0f\x94\
\x00\x00\x01\x98F\x82\xed^\
\x00\x00\x00\xd8\x00\x00\x00\x00\x00\x01\x00\x00\x08\xc6\
\x00\x00\x01\x98F\x82\xed`\
\x00\x00\x00\xf0\x00\x00\x00\x00\x00\x01\x00\x00\x09\xe3\
\x00\x00\x01\x98F\x82\xeda\
\x00\x00\x02p\x00\x00\x00\x00\x00\x01\x00\x00\x1ds\
\x00\x00\x01\x98F\x82\xedb\
\x00\x00\x00\x9a\x00\x00\x00\x00\x00\x01\x00\x00\x05\x85\
\x00\x00\x01\x98F\x82\xedb\
\x00\x00\x03V\x00\x00\x00\x00\x00\x01\x00\x00)\x81\
\x00\x00\x01\x98F\x82\xedc\
\x00\x00\x02\x9a\x00\x00\x00\x00\x00\x01\x00\x00\x1f\xb6\
\x00\x00\x01\x98F\x82\xedd\
\x00\x00\x01\xde\x00\x00\x00\x00\x00\x01\x00\x00\x15\xca\
\x00\x00\x01\x98F\x82\xede\
\x00\x00\x03\xe0\x00\x00\x00\x00\x00\x01\x00\x000\xa1\
\x00\x00\x01\x98F\x82\xedf\
\x00\x00\x01$\x00\x00\x00\x00\x00\x01\x00\x00\x0c\xaa\
\x00\x00\x01\x98F\x82\xedg\
\x00\x00\x01|\x00\x00\x00\x00\x00\x01\x00\x00\x10\xf4\
\x00\x00\x01\x98F\x82\xedh\
\x00\x00\x00\xe4\x00\x00\x00\x00\x00\x01\x00\x00\x09N\
\x00\x00\x01\x98F\x82\xedh\
\x00\x00\x022\x00\x00\x00\x00\x00\x01\x00\x00\x1aG\
\x00\x00\x01\x98F\x82\xedi\
\x00\x00\x03\x00\x00\x00\x00\x00\x00\x01\x00\x00%<\
\x00\x00\x01\x98F\x82\xedj\
\x00\x00\x00f\x00\x00\x00\x00\x00\x01\x00\x00\x02\xc1\
\x00\x00\x01\x98F\x82\xedk\
\x00\x00\x03\xa0\x00\x00\x00\x00\x00\x01\x00\x00-d\
\x00\x00\x01\x98F\x82\xedl\
\x00\x00\x02\x08\x00\x00\x00\x00\x00\x01\x00\x00\x17\xf5\
\x00\x00\x01\x98F\x82\xedm\
\x00\x00\x042\x00\x00\x00\x00\x00\x01\x00\x00`\xe4\
\x00\x00\x01\x98F\x82\xec\xfa\
\x00\x00\x04b\x00\x00\x00\x00\x00\x01\x00\x00\xbb{\
\x00\x00\x01\x98F\x82\xec\xff\
\x00\x00\x04L\x00\x00\x00\x00\x00\x01\x00\x00\xba\x08\
\x00\x00\x01\x98F\x82\xec\xfb\
\x00\x00\x04\x14\x00\x00\x00\x00\x00\x01\x00\x003Q\
\x00\x00\x01\x98F\x82\xed\x01\
\x00\x00\x04x\x00\x01\x00\x00\x00\x01\x00\x00\xeef\
\x00\x00\x01\x98F\x82\xec\xf9\
"

def qInitResources():
    QtCore.qRegisterResourceData(0x03, qt_resource_struct, qt_resource_name, qt_resource_data)

def qCleanupResources():
    QtCore.qUnregisterResourceData(0x03, qt_resource_struct, qt_resource_name, qt_resource_data)

qInitResources()
